,EIN,SEC_NAME,FRCD,SUBSECCD,TAXPER,ASSETS,INCOME,NAME,ADDRESS,CITY,STATE,NTEEFINAL,NAICS,ZIP5,OUTNCCS,OUTREAS,RULEDATE,FIPS,FNDNCD,PMSA,MSA_NECH,CASSETS,CFINSRC,CTAXPER,CTOTREV,ACCPER,RANDNUM,NTEECC,NTEE1,LEVEL4,LEVEL1,NTMAJ10,MAJGRPB,LEVEL3,LEVEL2,NTMAJ12,NTMAJ5,FILER,ZFILER,NTEECONF,GEN,PFFRCD,NTEESRC,NTEEFINAL1,CFILER,CZFILER,EPOST,FISYR_IMAGE,IRS990N,FIPSOLD,LATITUDE,LONGITUDE,GEOCDF,GEOEXCLUDE,GEOCODE,GEOCD,ADDRESSCHANGED,NTEECC4D,NTEEOLDB,NTEE2006,NTEE2007A,CONFIDENCE2007A,MSA,STATEOLD1,ZIP5OLD1,CITYOLD1,NTEEDRAFT,CBSA,DIVCODE,ASSETS_OLD,INCOME_OLD,ACTIV1,ZIP,ORGCD,ORGTYPCD,V_ERRORCD,Year
1,202370934,,10,3,201809,NA,NA,WOUNDED WARRIOR PROJECT INC,4899 BELFORT RD STE 300,JACKSONVILLE,FL,W30,813410,32256,IN,,200508,12031,15,NA,NA,310997780,16eofinextract990.dat,201509,398698187,9,0.194382401,W30,W,W,PC,PU,W,PB,O,PU,OT,Y,N,NA,NA,NA,NA,NA,NA,NA,NA,NA,NA,NA,NA,NA,NA,NA,NA,NA,NA,NA,NA,NA,NA,NA,NA,NA,NA,NA,NA,NA,NA,NA,NA,NA,NA,NA,NA,NA,1989
2,363274346,,10,3,201812,24956171,10841916,ARMED SERVICES YMCA OF THE USA,14040 CENTRAL LOOP B,WOODBRIDGE,VA,P27,624100,22193,IN,,198701,51059,15,NA,NA,23376577,16eofinextract990.dat,201512,6339163,12,0.46593044,P27,P,P,PC,HU,P,HS,O,HU,HU,Y,N,NA,NA,NA,NA,NA,NA,NA,NA,NA,NA,NA,NA,NA,NA,NA,NA,NA,NA,NA,NA,NA,NA,NA,NA,NA,NA,NA,NA,NA,NA,NA,NA,NA,NA,NA,NA,NA,1989
3,530204618,,10,3,201812,115169946,40169541,NAVY-MARINE CORPS RELIEF SOCIETY,875 N RANDOLPH STREET,ARLINGTON,VA,W30,813410,22203,IN,,200001,51013,15,NA,NA,125422178,16eofinextract990.dat,201512,23971035,12,0.02824518,W30,W,W,PC,PU,W,PB,O,PU,OT,Y,N,NA,NA,NA,NA,NA,NA,NA,NA,NA,NA,NA,NA,NA,NA,NA,NA,NA,NA,NA,NA,NA,NA,NA,NA,NA,NA,NA,NA,NA,NA,NA,NA,NA,NA,NA,NA,NA,1989
4,541797281,,10,3,201812,189049978,61295687,AIR FORCE AID SOCIETY INC,241 18TH ST S STE 202,ARLINGTON,VA,W30,813410,22202,IN,,199608,51013,15,NA,NA,183252774,16eofinextract990.dat,201512,15606283,12,0.619139987,W30,W,W,PC,PU,W,PB,O,PU,OT,Y,N,NA,NA,NA,NA,NA,NA,NA,NA,NA,NA,NA,NA,NA,NA,NA,NA,NA,NA,NA,NA,NA,NA,NA,NA,NA,NA,NA,NA,NA,NA,NA,NA,NA,NA,NA,NA,NA,1989
5,751973894,,10,3,201812,1554248,1212127,FIRST COMMAND EDUCATIONAL FOUNDATION,1 FIRSTCOMM PLZ,FORT WORTH,TX,B11,813219,76109,IN,,198407,48439,15,NA,NA,1437047,16eofinextract990.dat,201512,897275,12,0.488618991,B11,B,B,PC,ED,B,ZA,S,ED,ED,Y,N,NA,NA,NA,NA,NA,NA,NA,NA,NA,NA,NA,NA,NA,NA,NA,NA,NA,NA,NA,NA,NA,NA,NA,NA,NA,NA,NA,NA,NA,NA,NA,NA,NA,NA,NA,NA,NA,1989
6,812774207,,10,3,201812,53438,51996,SAC FOUNDATION,7148 TOWNE CENTER PKWY,PAPILLION,NE,P51,NA,68046,,,201608,NA,NA,NA,NA,NA,,NA,NA,12,0.560795591,P51,P,P,PC,HU,P,HS,O,HU,HU,Y,N,NA,NA,NA,NA,NA,NA,NA,NA,NA,NA,NA,NA,NA,NA,NA,NA,NA,NA,NA,NA,NA,NA,NA,NA,NA,NA,NA,NA,NA,NA,NA,NA,NA,NA,NA,NA,NA,1989
7,824397332,,10,3,201812,194160,3.00E+05,AMERICAN WARRIOR ASSOCIATION,111 BOLAND ST STE 201,FORT WORTH,TX,P20,NA,76107,,,201812,NA,NA,NA,NA,NA,,NA,NA,12,0.335575008,P20,P,P,PC,HU,P,HS,O,HU,HU,Y,N,NA,NA,NA,NA,NA,NA,NA,NA,NA,NA,NA,NA,NA,NA,NA,NA,NA,NA,NA,NA,NA,NA,NA,NA,NA,NA,NA,NA,NA,NA,NA,NA,NA,NA,NA,NA,NA,1989
8,202370934,,10,3,201809,NA,NA,WOUNDED WARRIOR PROJECT INC,4899 BELFORT RD STE 300,JACKSONVILLE,FL,W30,813410,32256,IN,,200508,12031,15,NA,NA,310997780,16eofinextract990.dat,201509,398698187,9,0.194382401,W30,W,W,PC,PU,W,PB,O,PU,OT,Y,N,NA,NA,NA,NA,NA,NA,NA,NA,NA,NA,NA,NA,NA,NA,NA,NA,NA,NA,NA,NA,NA,NA,NA,NA,NA,NA,NA,NA,NA,NA,NA,NA,NA,NA,NA,NA,NA,1990
9,363274346,,10,3,201812,24956171,10841916,ARMED SERVICES YMCA OF THE USA,14040 CENTRAL LOOP B,WOODBRIDGE,VA,P27,624100,22193,IN,,198701,51059,15,NA,NA,23376577,16eofinextract990.dat,201512,6339163,12,0.46593044,P27,P,P,PC,HU,P,HS,O,HU,HU,Y,N,NA,NA,NA,NA,NA,NA,NA,NA,NA,NA,NA,NA,NA,NA,NA,NA,NA,NA,NA,NA,NA,NA,NA,NA,NA,NA,NA,NA,NA,NA,NA,NA,NA,NA,NA,NA,NA,1990
10,530204618,,10,3,201812,115169946,40169541,NAVY-MARINE CORPS RELIEF SOCIETY,875 N RANDOLPH STREET,ARLINGTON,VA,W30,813410,22203,IN,,200001,51013,15,NA,NA,125422178,16eofinextract990.dat,201512,23971035,12,0.02824518,W30,W,W,PC,PU,W,PB,O,PU,OT,Y,N,NA,NA,NA,NA,NA,NA,NA,NA,NA,NA,NA,NA,NA,NA,NA,NA,NA,NA,NA,NA,NA,NA,NA,NA,NA,NA,NA,NA,NA,NA,NA,NA,NA,NA,NA,NA,NA,1990
11,541797281,,10,3,201812,189049978,61295687,AIR FORCE AID SOCIETY INC,241 18TH ST S STE 202,ARLINGTON,VA,W30,813410,22202,IN,,199608,51013,15,NA,NA,183252774,16eofinextract990.dat,201512,15606283,12,0.619139987,W30,W,W,PC,PU,W,PB,O,PU,OT,Y,N,NA,NA,NA,NA,NA,NA,NA,NA,NA,NA,NA,NA,NA,NA,NA,NA,NA,NA,NA,NA,NA,NA,NA,NA,NA,NA,NA,NA,NA,NA,NA,NA,NA,NA,NA,NA,NA,1990
12,751973894,,10,3,201812,1554248,1212127,FIRST COMMAND EDUCATIONAL FOUNDATION,1 FIRSTCOMM PLZ,FORT WORTH,TX,B11,813219,76109,IN,,198407,48439,15,NA,NA,1437047,16eofinextract990.dat,201512,897275,12,0.488618991,B11,B,B,PC,ED,B,ZA,S,ED,ED,Y,N,NA,NA,NA,NA,NA,NA,NA,NA,NA,NA,NA,NA,NA,NA,NA,NA,NA,NA,NA,NA,NA,NA,NA,NA,NA,NA,NA,NA,NA,NA,NA,NA,NA,NA,NA,NA,NA,1990
13,812774207,,10,3,201812,53438,51996,SAC FOUNDATION,7148 TOWNE CENTER PKWY,PAPILLION,NE,P51,NA,68046,,,201608,NA,NA,NA,NA,NA,,NA,NA,12,0.560795591,P51,P,P,PC,HU,P,HS,O,HU,HU,Y,N,NA,NA,NA,NA,NA,NA,NA,NA,NA,NA,NA,NA,NA,NA,NA,NA,NA,NA,NA,NA,NA,NA,NA,NA,NA,NA,NA,NA,NA,NA,NA,NA,NA,NA,NA,NA,NA,1990
14,824397332,,10,3,201812,194160,3.00E+05,AMERICAN WARRIOR ASSOCIATION,111 BOLAND ST STE 201,FORT WORTH,TX,P20,NA,76107,,,201812,NA,NA,NA,NA,NA,,NA,NA,12,0.335575008,P20,P,P,PC,HU,P,HS,O,HU,HU,Y,N,NA,NA,NA,NA,NA,NA,NA,NA,NA,NA,NA,NA,NA,NA,NA,NA,NA,NA,NA,NA,NA,NA,NA,NA,NA,NA,NA,NA,NA,NA,NA,NA,NA,NA,NA,NA,NA,1990
15,202370934,,10,3,201809,NA,NA,WOUNDED WARRIOR PROJECT INC,4899 BELFORT RD STE 300,JACKSONVILLE,FL,W30,813410,32256,IN,,200508,12031,15,NA,NA,310997780,16eofinextract990.dat,201509,398698187,9,0.194382401,W30,W,W,PC,PU,W,PB,O,PU,OT,Y,N,NA,NA,NA,NA,NA,NA,NA,NA,NA,NA,NA,NA,NA,NA,NA,NA,NA,NA,NA,NA,NA,NA,NA,NA,NA,NA,NA,NA,NA,NA,NA,NA,NA,NA,NA,NA,NA,1991
16,363274346,,10,3,201812,24956171,10841916,ARMED SERVICES YMCA OF THE USA,14040 CENTRAL LOOP B,WOODBRIDGE,VA,P27,624100,22193,IN,,198701,51059,15,NA,NA,23376577,16eofinextract990.dat,201512,6339163,12,0.46593044,P27,P,P,PC,HU,P,HS,O,HU,HU,Y,N,NA,NA,NA,NA,NA,NA,NA,NA,NA,NA,NA,NA,NA,NA,NA,NA,NA,NA,NA,NA,NA,NA,NA,NA,NA,NA,NA,NA,NA,NA,NA,NA,NA,NA,NA,NA,NA,1991
17,530204618,,10,3,201812,115169946,40169541,NAVY-MARINE CORPS RELIEF SOCIETY,875 N RANDOLPH STREET,ARLINGTON,VA,W30,813410,22203,IN,,200001,51013,15,NA,NA,125422178,16eofinextract990.dat,201512,23971035,12,0.02824518,W30,W,W,PC,PU,W,PB,O,PU,OT,Y,N,NA,NA,NA,NA,NA,NA,NA,NA,NA,NA,NA,NA,NA,NA,NA,NA,NA,NA,NA,NA,NA,NA,NA,NA,NA,NA,NA,NA,NA,NA,NA,NA,NA,NA,NA,NA,NA,1991
18,541797281,,10,3,201812,189049978,61295687,AIR FORCE AID SOCIETY INC,241 18TH ST S STE 202,ARLINGTON,VA,W30,813410,22202,IN,,199608,51013,15,NA,NA,183252774,16eofinextract990.dat,201512,15606283,12,0.619139987,W30,W,W,PC,PU,W,PB,O,PU,OT,Y,N,NA,NA,NA,NA,NA,NA,NA,NA,NA,NA,NA,NA,NA,NA,NA,NA,NA,NA,NA,NA,NA,NA,NA,NA,NA,NA,NA,NA,NA,NA,NA,NA,NA,NA,NA,NA,NA,1991
19,751973894,,10,3,201812,1554248,1212127,FIRST COMMAND EDUCATIONAL FOUNDATION,1 FIRSTCOMM PLZ,FORT WORTH,TX,B11,813219,76109,IN,,198407,48439,15,NA,NA,1437047,16eofinextract990.dat,201512,897275,12,0.488618991,B11,B,B,PC,ED,B,ZA,S,ED,ED,Y,N,NA,NA,NA,NA,NA,NA,NA,NA,NA,NA,NA,NA,NA,NA,NA,NA,NA,NA,NA,NA,NA,NA,NA,NA,NA,NA,NA,NA,NA,NA,NA,NA,NA,NA,NA,NA,NA,1991
20,812774207,,10,3,201812,53438,51996,SAC FOUNDATION,7148 TOWNE CENTER PKWY,PAPILLION,NE,P51,NA,68046,,,201608,NA,NA,NA,NA,NA,,NA,NA,12,0.560795591,P51,P,P,PC,HU,P,HS,O,HU,HU,Y,N,NA,NA,NA,NA,NA,NA,NA,NA,NA,NA,NA,NA,NA,NA,NA,NA,NA,NA,NA,NA,NA,NA,NA,NA,NA,NA,NA,NA,NA,NA,NA,NA,NA,NA,NA,NA,NA,1991
21,824397332,,10,3,201812,194160,3.00E+05,AMERICAN WARRIOR ASSOCIATION,111 BOLAND ST STE 201,FORT WORTH,TX,P20,NA,76107,,,201812,NA,NA,NA,NA,NA,,NA,NA,12,0.335575008,P20,P,P,PC,HU,P,HS,O,HU,HU,Y,N,NA,NA,NA,NA,NA,NA,NA,NA,NA,NA,NA,NA,NA,NA,NA,NA,NA,NA,NA,NA,NA,NA,NA,NA,NA,NA,NA,NA,NA,NA,NA,NA,NA,NA,NA,NA,NA,1991
22,202370934,,10,3,201809,NA,NA,WOUNDED WARRIOR PROJECT INC,4899 BELFORT RD STE 300,JACKSONVILLE,FL,W30,813410,32256,IN,,200508,12031,15,NA,NA,310997780,16eofinextract990.dat,201509,398698187,9,0.194382401,W30,W,W,PC,PU,W,PB,O,PU,OT,Y,N,NA,NA,NA,NA,NA,NA,NA,NA,NA,NA,NA,NA,NA,NA,NA,NA,NA,NA,NA,NA,NA,NA,NA,NA,NA,NA,NA,NA,NA,NA,NA,NA,NA,NA,NA,NA,NA,1992
23,363274346,,10,3,201812,24956171,10841916,ARMED SERVICES YMCA OF THE USA,14040 CENTRAL LOOP B,WOODBRIDGE,VA,P27,624100,22193,IN,,198701,51059,15,NA,NA,23376577,16eofinextract990.dat,201512,6339163,12,0.46593044,P27,P,P,PC,HU,P,HS,O,HU,HU,Y,N,NA,NA,NA,NA,NA,NA,NA,NA,NA,NA,NA,NA,NA,NA,NA,NA,NA,NA,NA,NA,NA,NA,NA,NA,NA,NA,NA,NA,NA,NA,NA,NA,NA,NA,NA,NA,NA,1992
24,530204618,,10,3,201812,115169946,40169541,NAVY-MARINE CORPS RELIEF SOCIETY,875 N RANDOLPH STREET,ARLINGTON,VA,W30,813410,22203,IN,,200001,51013,15,NA,NA,125422178,16eofinextract990.dat,201512,23971035,12,0.02824518,W30,W,W,PC,PU,W,PB,O,PU,OT,Y,N,NA,NA,NA,NA,NA,NA,NA,NA,NA,NA,NA,NA,NA,NA,NA,NA,NA,NA,NA,NA,NA,NA,NA,NA,NA,NA,NA,NA,NA,NA,NA,NA,NA,NA,NA,NA,NA,1992
25,541797281,,10,3,201812,189049978,61295687,AIR FORCE AID SOCIETY INC,241 18TH ST S STE 202,ARLINGTON,VA,W30,813410,22202,IN,,199608,51013,15,NA,NA,183252774,16eofinextract990.dat,201512,15606283,12,0.619139987,W30,W,W,PC,PU,W,PB,O,PU,OT,Y,N,NA,NA,NA,NA,NA,NA,NA,NA,NA,NA,NA,NA,NA,NA,NA,NA,NA,NA,NA,NA,NA,NA,NA,NA,NA,NA,NA,NA,NA,NA,NA,NA,NA,NA,NA,NA,NA,1992
26,751973894,,10,3,201812,1554248,1212127,FIRST COMMAND EDUCATIONAL FOUNDATION,1 FIRSTCOMM PLZ,FORT WORTH,TX,B11,813219,76109,IN,,198407,48439,15,NA,NA,1437047,16eofinextract990.dat,201512,897275,12,0.488618991,B11,B,B,PC,ED,B,ZA,S,ED,ED,Y,N,NA,NA,NA,NA,NA,NA,NA,NA,NA,NA,NA,NA,NA,NA,NA,NA,NA,NA,NA,NA,NA,NA,NA,NA,NA,NA,NA,NA,NA,NA,NA,NA,NA,NA,NA,NA,NA,1992
27,812774207,,10,3,201812,53438,51996,SAC FOUNDATION,7148 TOWNE CENTER PKWY,PAPILLION,NE,P51,NA,68046,,,201608,NA,NA,NA,NA,NA,,NA,NA,12,0.560795591,P51,P,P,PC,HU,P,HS,O,HU,HU,Y,N,NA,NA,NA,NA,NA,NA,NA,NA,NA,NA,NA,NA,NA,NA,NA,NA,NA,NA,NA,NA,NA,NA,NA,NA,NA,NA,NA,NA,NA,NA,NA,NA,NA,NA,NA,NA,NA,1992
28,824397332,,10,3,201812,194160,3.00E+05,AMERICAN WARRIOR ASSOCIATION,111 BOLAND ST STE 201,FORT WORTH,TX,P20,NA,76107,,,201812,NA,NA,NA,NA,NA,,NA,NA,12,0.335575008,P20,P,P,PC,HU,P,HS,O,HU,HU,Y,N,NA,NA,NA,NA,NA,NA,NA,NA,NA,NA,NA,NA,NA,NA,NA,NA,NA,NA,NA,NA,NA,NA,NA,NA,NA,NA,NA,NA,NA,NA,NA,NA,NA,NA,NA,NA,NA,1992
29,202370934,,10,3,201809,NA,NA,WOUNDED WARRIOR PROJECT INC,4899 BELFORT RD STE 300,JACKSONVILLE,FL,W30,813410,32256,IN,,200508,12031,15,NA,NA,310997780,16eofinextract990.dat,201509,398698187,9,0.194382401,W30,W,W,PC,PU,W,PB,O,PU,OT,Y,N,NA,NA,NA,NA,NA,NA,NA,NA,NA,NA,NA,NA,NA,NA,NA,NA,NA,NA,NA,NA,NA,NA,NA,NA,NA,NA,NA,NA,NA,NA,NA,NA,NA,NA,NA,NA,NA,1993
30,363274346,,10,3,201812,24956171,10841916,ARMED SERVICES YMCA OF THE USA,14040 CENTRAL LOOP B,WOODBRIDGE,VA,P27,624100,22193,IN,,198701,51059,15,NA,NA,23376577,16eofinextract990.dat,201512,6339163,12,0.46593044,P27,P,P,PC,HU,P,HS,O,HU,HU,Y,N,NA,NA,NA,NA,NA,NA,NA,NA,NA,NA,NA,NA,NA,NA,NA,NA,NA,NA,NA,NA,NA,NA,NA,NA,NA,NA,NA,NA,NA,NA,NA,NA,NA,NA,NA,NA,NA,1993
31,530204618,,10,3,201812,115169946,40169541,NAVY-MARINE CORPS RELIEF SOCIETY,875 N RANDOLPH STREET,ARLINGTON,VA,W30,813410,22203,IN,,200001,51013,15,NA,NA,125422178,16eofinextract990.dat,201512,23971035,12,0.02824518,W30,W,W,PC,PU,W,PB,O,PU,OT,Y,N,NA,NA,NA,NA,NA,NA,NA,NA,NA,NA,NA,NA,NA,NA,NA,NA,NA,NA,NA,NA,NA,NA,NA,NA,NA,NA,NA,NA,NA,NA,NA,NA,NA,NA,NA,NA,NA,1993
32,541797281,,10,3,201812,189049978,61295687,AIR FORCE AID SOCIETY INC,241 18TH ST S STE 202,ARLINGTON,VA,W30,813410,22202,IN,,199608,51013,15,NA,NA,183252774,16eofinextract990.dat,201512,15606283,12,0.619139987,W30,W,W,PC,PU,W,PB,O,PU,OT,Y,N,NA,NA,NA,NA,NA,NA,NA,NA,NA,NA,NA,NA,NA,NA,NA,NA,NA,NA,NA,NA,NA,NA,NA,NA,NA,NA,NA,NA,NA,NA,NA,NA,NA,NA,NA,NA,NA,1993
33,751973894,,10,3,201812,1554248,1212127,FIRST COMMAND EDUCATIONAL FOUNDATION,1 FIRSTCOMM PLZ,FORT WORTH,TX,B11,813219,76109,IN,,198407,48439,15,NA,NA,1437047,16eofinextract990.dat,201512,897275,12,0.488618991,B11,B,B,PC,ED,B,ZA,S,ED,ED,Y,N,NA,NA,NA,NA,NA,NA,NA,NA,NA,NA,NA,NA,NA,NA,NA,NA,NA,NA,NA,NA,NA,NA,NA,NA,NA,NA,NA,NA,NA,NA,NA,NA,NA,NA,NA,NA,NA,1993
34,812774207,,10,3,201812,53438,51996,SAC FOUNDATION,7148 TOWNE CENTER PKWY,PAPILLION,NE,P51,NA,68046,,,201608,NA,NA,NA,NA,NA,,NA,NA,12,0.560795591,P51,P,P,PC,HU,P,HS,O,HU,HU,Y,N,NA,NA,NA,NA,NA,NA,NA,NA,NA,NA,NA,NA,NA,NA,NA,NA,NA,NA,NA,NA,NA,NA,NA,NA,NA,NA,NA,NA,NA,NA,NA,NA,NA,NA,NA,NA,NA,1993
35,824397332,,10,3,201812,194160,3.00E+05,AMERICAN WARRIOR ASSOCIATION,111 BOLAND ST STE 201,FORT WORTH,TX,P20,NA,76107,,,201812,NA,NA,NA,NA,NA,,NA,NA,12,0.335575008,P20,P,P,PC,HU,P,HS,O,HU,HU,Y,N,NA,NA,NA,NA,NA,NA,NA,NA,NA,NA,NA,NA,NA,NA,NA,NA,NA,NA,NA,NA,NA,NA,NA,NA,NA,NA,NA,NA,NA,NA,NA,NA,NA,NA,NA,NA,NA,1993
36,202370934,,10,3,201809,NA,NA,WOUNDED WARRIOR PROJECT INC,4899 BELFORT RD STE 300,JACKSONVILLE,FL,W30,813410,32256,IN,,200508,12031,15,NA,NA,310997780,16eofinextract990.dat,201509,398698187,9,0.194382401,W30,W,W,PC,PU,W,PB,O,PU,OT,Y,N,NA,NA,NA,NA,NA,NA,NA,NA,NA,NA,NA,NA,NA,NA,NA,NA,NA,NA,NA,NA,NA,NA,NA,NA,NA,NA,NA,NA,NA,NA,NA,NA,NA,NA,NA,NA,NA,1994
37,363274346,,10,3,201812,24956171,10841916,ARMED SERVICES YMCA OF THE USA,14040 CENTRAL LOOP B,WOODBRIDGE,VA,P27,624100,22193,IN,,198701,51059,15,NA,NA,23376577,16eofinextract990.dat,201512,6339163,12,0.46593044,P27,P,P,PC,HU,P,HS,O,HU,HU,Y,N,NA,NA,NA,NA,NA,NA,NA,NA,NA,NA,NA,NA,NA,NA,NA,NA,NA,NA,NA,NA,NA,NA,NA,NA,NA,NA,NA,NA,NA,NA,NA,NA,NA,NA,NA,NA,NA,1994
38,530204618,,10,3,201812,115169946,40169541,NAVY-MARINE CORPS RELIEF SOCIETY,875 N RANDOLPH STREET,ARLINGTON,VA,W30,813410,22203,IN,,200001,51013,15,NA,NA,125422178,16eofinextract990.dat,201512,23971035,12,0.02824518,W30,W,W,PC,PU,W,PB,O,PU,OT,Y,N,NA,NA,NA,NA,NA,NA,NA,NA,NA,NA,NA,NA,NA,NA,NA,NA,NA,NA,NA,NA,NA,NA,NA,NA,NA,NA,NA,NA,NA,NA,NA,NA,NA,NA,NA,NA,NA,1994
39,541797281,,10,3,201812,189049978,61295687,AIR FORCE AID SOCIETY INC,241 18TH ST S STE 202,ARLINGTON,VA,W30,813410,22202,IN,,199608,51013,15,NA,NA,183252774,16eofinextract990.dat,201512,15606283,12,0.619139987,W30,W,W,PC,PU,W,PB,O,PU,OT,Y,N,NA,NA,NA,NA,NA,NA,NA,NA,NA,NA,NA,NA,NA,NA,NA,NA,NA,NA,NA,NA,NA,NA,NA,NA,NA,NA,NA,NA,NA,NA,NA,NA,NA,NA,NA,NA,NA,1994
40,751973894,,10,3,201812,1554248,1212127,FIRST COMMAND EDUCATIONAL FOUNDATION,1 FIRSTCOMM PLZ,FORT WORTH,TX,B11,813219,76109,IN,,198407,48439,15,NA,NA,1437047,16eofinextract990.dat,201512,897275,12,0.488618991,B11,B,B,PC,ED,B,ZA,S,ED,ED,Y,N,NA,NA,NA,NA,NA,NA,NA,NA,NA,NA,NA,NA,NA,NA,NA,NA,NA,NA,NA,NA,NA,NA,NA,NA,NA,NA,NA,NA,NA,NA,NA,NA,NA,NA,NA,NA,NA,1994
41,812774207,,10,3,201812,53438,51996,SAC FOUNDATION,7148 TOWNE CENTER PKWY,PAPILLION,NE,P51,NA,68046,,,201608,NA,NA,NA,NA,NA,,NA,NA,12,0.560795591,P51,P,P,PC,HU,P,HS,O,HU,HU,Y,N,NA,NA,NA,NA,NA,NA,NA,NA,NA,NA,NA,NA,NA,NA,NA,NA,NA,NA,NA,NA,NA,NA,NA,NA,NA,NA,NA,NA,NA,NA,NA,NA,NA,NA,NA,NA,NA,1994
42,824397332,,10,3,201812,194160,3.00E+05,AMERICAN WARRIOR ASSOCIATION,111 BOLAND ST STE 201,FORT WORTH,TX,P20,NA,76107,,,201812,NA,NA,NA,NA,NA,,NA,NA,12,0.335575008,P20,P,P,PC,HU,P,HS,O,HU,HU,Y,N,NA,NA,NA,NA,NA,NA,NA,NA,NA,NA,NA,NA,NA,NA,NA,NA,NA,NA,NA,NA,NA,NA,NA,NA,NA,NA,NA,NA,NA,NA,NA,NA,NA,NA,NA,NA,NA,1994
43,202370934,,10,3,201809,NA,NA,WOUNDED WARRIOR PROJECT INC,4899 BELFORT RD STE 300,JACKSONVILLE,FL,W30,813410,32256,IN,,200508,12031,15,NA,NA,310997780,16eofinextract990.dat,201509,398698187,9,0.194382401,W30,W,W,PC,PU,W,PB,O,PU,OT,Y,N,NA,NA,NA,NA,NA,NA,NA,NA,NA,NA,NA,NA,NA,NA,NA,NA,NA,NA,NA,NA,NA,NA,NA,NA,NA,NA,NA,NA,NA,NA,NA,NA,NA,NA,NA,NA,NA,1995
44,363274346,,10,3,201812,24956171,10841916,ARMED SERVICES YMCA OF THE USA,14040 CENTRAL LOOP B,WOODBRIDGE,VA,P27,624100,22193,IN,,198701,51059,15,NA,NA,23376577,16eofinextract990.dat,201512,6339163,12,0.46593044,P27,P,P,PC,HU,P,HS,O,HU,HU,Y,N,NA,NA,NA,NA,NA,NA,NA,NA,NA,NA,NA,NA,NA,NA,NA,NA,NA,NA,NA,NA,NA,NA,NA,NA,NA,NA,NA,NA,NA,NA,NA,NA,NA,NA,NA,NA,NA,1995
45,530204618,,10,3,201812,115169946,40169541,NAVY-MARINE CORPS RELIEF SOCIETY,875 N RANDOLPH STREET,ARLINGTON,VA,W30,813410,22203,IN,,200001,51013,15,NA,NA,125422178,16eofinextract990.dat,201512,23971035,12,0.02824518,W30,W,W,PC,PU,W,PB,O,PU,OT,Y,N,NA,NA,NA,NA,NA,NA,NA,NA,NA,NA,NA,NA,NA,NA,NA,NA,NA,NA,NA,NA,NA,NA,NA,NA,NA,NA,NA,NA,NA,NA,NA,NA,NA,NA,NA,NA,NA,1995
46,541797281,,10,3,201812,189049978,61295687,AIR FORCE AID SOCIETY INC,241 18TH ST S STE 202,ARLINGTON,VA,W30,813410,22202,IN,,199608,51013,15,NA,NA,183252774,16eofinextract990.dat,201512,15606283,12,0.619139987,W30,W,W,PC,PU,W,PB,O,PU,OT,Y,N,NA,NA,NA,NA,NA,NA,NA,NA,NA,NA,NA,NA,NA,NA,NA,NA,NA,NA,NA,NA,NA,NA,NA,NA,NA,NA,NA,NA,NA,NA,NA,NA,NA,NA,NA,NA,NA,1995
47,751973894,,10,3,201812,1554248,1212127,FIRST COMMAND EDUCATIONAL FOUNDATION,1 FIRSTCOMM PLZ,FORT WORTH,TX,B11,813219,76109,IN,,198407,48439,15,NA,NA,1437047,16eofinextract990.dat,201512,897275,12,0.488618991,B11,B,B,PC,ED,B,ZA,S,ED,ED,Y,N,NA,NA,NA,NA,NA,NA,NA,NA,NA,NA,NA,NA,NA,NA,NA,NA,NA,NA,NA,NA,NA,NA,NA,NA,NA,NA,NA,NA,NA,NA,NA,NA,NA,NA,NA,NA,NA,1995
48,812774207,,10,3,201812,53438,51996,SAC FOUNDATION,7148 TOWNE CENTER PKWY,PAPILLION,NE,P51,NA,68046,,,201608,NA,NA,NA,NA,NA,,NA,NA,12,0.560795591,P51,P,P,PC,HU,P,HS,O,HU,HU,Y,N,NA,NA,NA,NA,NA,NA,NA,NA,NA,NA,NA,NA,NA,NA,NA,NA,NA,NA,NA,NA,NA,NA,NA,NA,NA,NA,NA,NA,NA,NA,NA,NA,NA,NA,NA,NA,NA,1995
49,824397332,,10,3,201812,194160,3.00E+05,AMERICAN WARRIOR ASSOCIATION,111 BOLAND ST STE 201,FORT WORTH,TX,P20,NA,76107,,,201812,NA,NA,NA,NA,NA,,NA,NA,12,0.335575008,P20,P,P,PC,HU,P,HS,O,HU,HU,Y,N,NA,NA,NA,NA,NA,NA,NA,NA,NA,NA,NA,NA,NA,NA,NA,NA,NA,NA,NA,NA,NA,NA,NA,NA,NA,NA,NA,NA,NA,NA,NA,NA,NA,NA,NA,NA,NA,1995
50,202370934,,10,3,201809,NA,NA,WOUNDED WARRIOR PROJECT INC,4899 BELFORT RD STE 300,JACKSONVILLE,FL,W30,813410,32256,IN,,200508,12031,15,NA,NA,310997780,16eofinextract990.dat,201509,398698187,9,0.194382401,W30,W,W,PC,PU,W,PB,O,PU,OT,Y,N,NA,NA,NA,NA,NA,NA,NA,NA,NA,NA,NA,NA,NA,NA,NA,NA,NA,NA,NA,NA,NA,NA,NA,NA,NA,NA,NA,NA,NA,NA,NA,NA,NA,NA,NA,NA,NA,1996
51,363274346,,10,3,201812,24956171,10841916,ARMED SERVICES YMCA OF THE USA,14040 CENTRAL LOOP B,WOODBRIDGE,VA,P27,624100,22193,IN,,198701,51059,15,NA,NA,23376577,16eofinextract990.dat,201512,6339163,12,0.46593044,P27,P,P,PC,HU,P,HS,O,HU,HU,Y,N,NA,NA,NA,NA,NA,NA,NA,NA,NA,NA,NA,NA,NA,NA,NA,NA,NA,NA,NA,NA,NA,NA,NA,NA,NA,NA,NA,NA,NA,NA,NA,NA,NA,NA,NA,NA,NA,1996
52,530204618,,10,3,201812,115169946,40169541,NAVY-MARINE CORPS RELIEF SOCIETY,875 N RANDOLPH STREET,ARLINGTON,VA,W30,813410,22203,IN,,200001,51013,15,NA,NA,125422178,16eofinextract990.dat,201512,23971035,12,0.02824518,W30,W,W,PC,PU,W,PB,O,PU,OT,Y,N,NA,NA,NA,NA,NA,NA,NA,NA,NA,NA,NA,NA,NA,NA,NA,NA,NA,NA,NA,NA,NA,NA,NA,NA,NA,NA,NA,NA,NA,NA,NA,NA,NA,NA,NA,NA,NA,1996
53,541797281,,10,3,201812,189049978,61295687,AIR FORCE AID SOCIETY INC,241 18TH ST S STE 202,ARLINGTON,VA,W30,813410,22202,IN,,199608,51013,15,NA,NA,183252774,16eofinextract990.dat,201512,15606283,12,0.619139987,W30,W,W,PC,PU,W,PB,O,PU,OT,Y,N,NA,NA,NA,NA,NA,NA,NA,NA,NA,NA,NA,NA,NA,NA,NA,NA,NA,NA,NA,NA,NA,NA,NA,NA,NA,NA,NA,NA,NA,NA,NA,NA,NA,NA,NA,NA,NA,1996
54,751973894,,10,3,201812,1554248,1212127,FIRST COMMAND EDUCATIONAL FOUNDATION,1 FIRSTCOMM PLZ,FORT WORTH,TX,B11,813219,76109,IN,,198407,48439,15,NA,NA,1437047,16eofinextract990.dat,201512,897275,12,0.488618991,B11,B,B,PC,ED,B,ZA,S,ED,ED,Y,N,NA,NA,NA,NA,NA,NA,NA,NA,NA,NA,NA,NA,NA,NA,NA,NA,NA,NA,NA,NA,NA,NA,NA,NA,NA,NA,NA,NA,NA,NA,NA,NA,NA,NA,NA,NA,NA,1996
55,812774207,,10,3,201812,53438,51996,SAC FOUNDATION,7148 TOWNE CENTER PKWY,PAPILLION,NE,P51,NA,68046,,,201608,NA,NA,NA,NA,NA,,NA,NA,12,0.560795591,P51,P,P,PC,HU,P,HS,O,HU,HU,Y,N,NA,NA,NA,NA,NA,NA,NA,NA,NA,NA,NA,NA,NA,NA,NA,NA,NA,NA,NA,NA,NA,NA,NA,NA,NA,NA,NA,NA,NA,NA,NA,NA,NA,NA,NA,NA,NA,1996
56,824397332,,10,3,201812,194160,3.00E+05,AMERICAN WARRIOR ASSOCIATION,111 BOLAND ST STE 201,FORT WORTH,TX,P20,NA,76107,,,201812,NA,NA,NA,NA,NA,,NA,NA,12,0.335575008,P20,P,P,PC,HU,P,HS,O,HU,HU,Y,N,NA,NA,NA,NA,NA,NA,NA,NA,NA,NA,NA,NA,NA,NA,NA,NA,NA,NA,NA,NA,NA,NA,NA,NA,NA,NA,NA,NA,NA,NA,NA,NA,NA,NA,NA,NA,NA,1996
57,202370934,,10,3,201809,NA,NA,WOUNDED WARRIOR PROJECT INC,4899 BELFORT RD STE 300,JACKSONVILLE,FL,W30,813410,32256,IN,,200508,12031,15,NA,NA,310997780,16eofinextract990.dat,201509,398698187,9,0.194382401,W30,W,W,PC,PU,W,PB,O,PU,OT,Y,N,NA,NA,NA,NA,NA,NA,NA,NA,NA,NA,NA,NA,NA,NA,NA,NA,NA,NA,NA,NA,NA,NA,NA,NA,NA,NA,NA,NA,NA,NA,NA,NA,NA,NA,NA,NA,NA,1997
58,363274346,,10,3,201812,24956171,10841916,ARMED SERVICES YMCA OF THE USA,14040 CENTRAL LOOP B,WOODBRIDGE,VA,P27,624100,22193,IN,,198701,51059,15,NA,NA,23376577,16eofinextract990.dat,201512,6339163,12,0.46593044,P27,P,P,PC,HU,P,HS,O,HU,HU,Y,N,NA,NA,NA,NA,NA,NA,NA,NA,NA,NA,NA,NA,NA,NA,NA,NA,NA,NA,NA,NA,NA,NA,NA,NA,NA,NA,NA,NA,NA,NA,NA,NA,NA,NA,NA,NA,NA,1997
59,530204618,,10,3,201812,115169946,40169541,NAVY-MARINE CORPS RELIEF SOCIETY,875 N RANDOLPH STREET,ARLINGTON,VA,W30,813410,22203,IN,,200001,51013,15,NA,NA,125422178,16eofinextract990.dat,201512,23971035,12,0.02824518,W30,W,W,PC,PU,W,PB,O,PU,OT,Y,N,NA,NA,NA,NA,NA,NA,NA,NA,NA,NA,NA,NA,NA,NA,NA,NA,NA,NA,NA,NA,NA,NA,NA,NA,NA,NA,NA,NA,NA,NA,NA,NA,NA,NA,NA,NA,NA,1997
60,541797281,,10,3,201812,189049978,61295687,AIR FORCE AID SOCIETY INC,241 18TH ST S STE 202,ARLINGTON,VA,W30,813410,22202,IN,,199608,51013,15,NA,NA,183252774,16eofinextract990.dat,201512,15606283,12,0.619139987,W30,W,W,PC,PU,W,PB,O,PU,OT,Y,N,NA,NA,NA,NA,NA,NA,NA,NA,NA,NA,NA,NA,NA,NA,NA,NA,NA,NA,NA,NA,NA,NA,NA,NA,NA,NA,NA,NA,NA,NA,NA,NA,NA,NA,NA,NA,NA,1997
61,751973894,,10,3,201812,1554248,1212127,FIRST COMMAND EDUCATIONAL FOUNDATION,1 FIRSTCOMM PLZ,FORT WORTH,TX,B11,813219,76109,IN,,198407,48439,15,NA,NA,1437047,16eofinextract990.dat,201512,897275,12,0.488618991,B11,B,B,PC,ED,B,ZA,S,ED,ED,Y,N,NA,NA,NA,NA,NA,NA,NA,NA,NA,NA,NA,NA,NA,NA,NA,NA,NA,NA,NA,NA,NA,NA,NA,NA,NA,NA,NA,NA,NA,NA,NA,NA,NA,NA,NA,NA,NA,1997
62,812774207,,10,3,201812,53438,51996,SAC FOUNDATION,7148 TOWNE CENTER PKWY,PAPILLION,NE,P51,NA,68046,,,201608,NA,NA,NA,NA,NA,,NA,NA,12,0.560795591,P51,P,P,PC,HU,P,HS,O,HU,HU,Y,N,NA,NA,NA,NA,NA,NA,NA,NA,NA,NA,NA,NA,NA,NA,NA,NA,NA,NA,NA,NA,NA,NA,NA,NA,NA,NA,NA,NA,NA,NA,NA,NA,NA,NA,NA,NA,NA,1997
63,824397332,,10,3,201812,194160,3.00E+05,AMERICAN WARRIOR ASSOCIATION,111 BOLAND ST STE 201,FORT WORTH,TX,P20,NA,76107,,,201812,NA,NA,NA,NA,NA,,NA,NA,12,0.335575008,P20,P,P,PC,HU,P,HS,O,HU,HU,Y,N,NA,NA,NA,NA,NA,NA,NA,NA,NA,NA,NA,NA,NA,NA,NA,NA,NA,NA,NA,NA,NA,NA,NA,NA,NA,NA,NA,NA,NA,NA,NA,NA,NA,NA,NA,NA,NA,1997
64,202370934,,10,3,201809,NA,NA,WOUNDED WARRIOR PROJECT INC,4899 BELFORT RD STE 300,JACKSONVILLE,FL,W30,813410,32256,IN,,200508,12031,15,NA,NA,310997780,16eofinextract990.dat,201509,398698187,9,0.194382401,W30,W,W,PC,PU,W,PB,O,PU,OT,Y,N,NA,NA,NA,NA,NA,NA,NA,NA,NA,NA,NA,NA,NA,NA,NA,NA,NA,NA,NA,NA,NA,NA,NA,NA,NA,NA,NA,NA,NA,NA,NA,NA,NA,NA,NA,NA,NA,1998
65,363274346,,10,3,201812,24956171,10841916,ARMED SERVICES YMCA OF THE USA,14040 CENTRAL LOOP B,WOODBRIDGE,VA,P27,624100,22193,IN,,198701,51059,15,NA,NA,23376577,16eofinextract990.dat,201512,6339163,12,0.46593044,P27,P,P,PC,HU,P,HS,O,HU,HU,Y,N,NA,NA,NA,NA,NA,NA,NA,NA,NA,NA,NA,NA,NA,NA,NA,NA,NA,NA,NA,NA,NA,NA,NA,NA,NA,NA,NA,NA,NA,NA,NA,NA,NA,NA,NA,NA,NA,1998
66,530204618,,10,3,201812,115169946,40169541,NAVY-MARINE CORPS RELIEF SOCIETY,875 N RANDOLPH STREET,ARLINGTON,VA,W30,813410,22203,IN,,200001,51013,15,NA,NA,125422178,16eofinextract990.dat,201512,23971035,12,0.02824518,W30,W,W,PC,PU,W,PB,O,PU,OT,Y,N,NA,NA,NA,NA,NA,NA,NA,NA,NA,NA,NA,NA,NA,NA,NA,NA,NA,NA,NA,NA,NA,NA,NA,NA,NA,NA,NA,NA,NA,NA,NA,NA,NA,NA,NA,NA,NA,1998
67,541797281,,10,3,201812,189049978,61295687,AIR FORCE AID SOCIETY INC,241 18TH ST S STE 202,ARLINGTON,VA,W30,813410,22202,IN,,199608,51013,15,NA,NA,183252774,16eofinextract990.dat,201512,15606283,12,0.619139987,W30,W,W,PC,PU,W,PB,O,PU,OT,Y,N,NA,NA,NA,NA,NA,NA,NA,NA,NA,NA,NA,NA,NA,NA,NA,NA,NA,NA,NA,NA,NA,NA,NA,NA,NA,NA,NA,NA,NA,NA,NA,NA,NA,NA,NA,NA,NA,1998
68,751973894,,10,3,201812,1554248,1212127,FIRST COMMAND EDUCATIONAL FOUNDATION,1 FIRSTCOMM PLZ,FORT WORTH,TX,B11,813219,76109,IN,,198407,48439,15,NA,NA,1437047,16eofinextract990.dat,201512,897275,12,0.488618991,B11,B,B,PC,ED,B,ZA,S,ED,ED,Y,N,NA,NA,NA,NA,NA,NA,NA,NA,NA,NA,NA,NA,NA,NA,NA,NA,NA,NA,NA,NA,NA,NA,NA,NA,NA,NA,NA,NA,NA,NA,NA,NA,NA,NA,NA,NA,NA,1998
69,812774207,,10,3,201812,53438,51996,SAC FOUNDATION,7148 TOWNE CENTER PKWY,PAPILLION,NE,P51,NA,68046,,,201608,NA,NA,NA,NA,NA,,NA,NA,12,0.560795591,P51,P,P,PC,HU,P,HS,O,HU,HU,Y,N,NA,NA,NA,NA,NA,NA,NA,NA,NA,NA,NA,NA,NA,NA,NA,NA,NA,NA,NA,NA,NA,NA,NA,NA,NA,NA,NA,NA,NA,NA,NA,NA,NA,NA,NA,NA,NA,1998
70,824397332,,10,3,201812,194160,3.00E+05,AMERICAN WARRIOR ASSOCIATION,111 BOLAND ST STE 201,FORT WORTH,TX,P20,NA,76107,,,201812,NA,NA,NA,NA,NA,,NA,NA,12,0.335575008,P20,P,P,PC,HU,P,HS,O,HU,HU,Y,N,NA,NA,NA,NA,NA,NA,NA,NA,NA,NA,NA,NA,NA,NA,NA,NA,NA,NA,NA,NA,NA,NA,NA,NA,NA,NA,NA,NA,NA,NA,NA,NA,NA,NA,NA,NA,NA,1998
71,202370934,,10,3,201809,NA,NA,WOUNDED WARRIOR PROJECT INC,4899 BELFORT RD STE 300,JACKSONVILLE,FL,W30,813410,32256,IN,,200508,12031,15,NA,NA,310997780,16eofinextract990.dat,201509,398698187,9,0.194382401,W30,W,W,PC,PU,W,PB,O,PU,OT,Y,N,NA,NA,NA,NA,NA,NA,NA,NA,NA,NA,NA,NA,NA,NA,NA,NA,NA,NA,NA,NA,NA,NA,NA,NA,NA,NA,NA,NA,NA,NA,NA,NA,NA,NA,NA,NA,NA,1999
72,363274346,,10,3,201812,24956171,10841916,ARMED SERVICES YMCA OF THE USA,14040 CENTRAL LOOP B,WOODBRIDGE,VA,P27,624100,22193,IN,,198701,51059,15,NA,NA,23376577,16eofinextract990.dat,201512,6339163,12,0.46593044,P27,P,P,PC,HU,P,HS,O,HU,HU,Y,N,NA,NA,NA,NA,NA,NA,NA,NA,NA,NA,NA,NA,NA,NA,NA,NA,NA,NA,NA,NA,NA,NA,NA,NA,NA,NA,NA,NA,NA,NA,NA,NA,NA,NA,NA,NA,NA,1999
73,530204618,,10,3,201812,115169946,40169541,NAVY-MARINE CORPS RELIEF SOCIETY,875 N RANDOLPH STREET,ARLINGTON,VA,W30,813410,22203,IN,,200001,51013,15,NA,NA,125422178,16eofinextract990.dat,201512,23971035,12,0.02824518,W30,W,W,PC,PU,W,PB,O,PU,OT,Y,N,NA,NA,NA,NA,NA,NA,NA,NA,NA,NA,NA,NA,NA,NA,NA,NA,NA,NA,NA,NA,NA,NA,NA,NA,NA,NA,NA,NA,NA,NA,NA,NA,NA,NA,NA,NA,NA,1999
74,541797281,,10,3,201812,189049978,61295687,AIR FORCE AID SOCIETY INC,241 18TH ST S STE 202,ARLINGTON,VA,W30,813410,22202,IN,,199608,51013,15,NA,NA,183252774,16eofinextract990.dat,201512,15606283,12,0.619139987,W30,W,W,PC,PU,W,PB,O,PU,OT,Y,N,NA,NA,NA,NA,NA,NA,NA,NA,NA,NA,NA,NA,NA,NA,NA,NA,NA,NA,NA,NA,NA,NA,NA,NA,NA,NA,NA,NA,NA,NA,NA,NA,NA,NA,NA,NA,NA,1999
75,751973894,,10,3,201812,1554248,1212127,FIRST COMMAND EDUCATIONAL FOUNDATION,1 FIRSTCOMM PLZ,FORT WORTH,TX,B11,813219,76109,IN,,198407,48439,15,NA,NA,1437047,16eofinextract990.dat,201512,897275,12,0.488618991,B11,B,B,PC,ED,B,ZA,S,ED,ED,Y,N,NA,NA,NA,NA,NA,NA,NA,NA,NA,NA,NA,NA,NA,NA,NA,NA,NA,NA,NA,NA,NA,NA,NA,NA,NA,NA,NA,NA,NA,NA,NA,NA,NA,NA,NA,NA,NA,1999
76,812774207,,10,3,201812,53438,51996,SAC FOUNDATION,7148 TOWNE CENTER PKWY,PAPILLION,NE,P51,NA,68046,,,201608,NA,NA,NA,NA,NA,,NA,NA,12,0.560795591,P51,P,P,PC,HU,P,HS,O,HU,HU,Y,N,NA,NA,NA,NA,NA,NA,NA,NA,NA,NA,NA,NA,NA,NA,NA,NA,NA,NA,NA,NA,NA,NA,NA,NA,NA,NA,NA,NA,NA,NA,NA,NA,NA,NA,NA,NA,NA,1999
77,824397332,,10,3,201812,194160,3.00E+05,AMERICAN WARRIOR ASSOCIATION,111 BOLAND ST STE 201,FORT WORTH,TX,P20,NA,76107,,,201812,NA,NA,NA,NA,NA,,NA,NA,12,0.335575008,P20,P,P,PC,HU,P,HS,O,HU,HU,Y,N,NA,NA,NA,NA,NA,NA,NA,NA,NA,NA,NA,NA,NA,NA,NA,NA,NA,NA,NA,NA,NA,NA,NA,NA,NA,NA,NA,NA,NA,NA,NA,NA,NA,NA,NA,NA,NA,1999
78,202370934,,10,3,201809,NA,NA,WOUNDED WARRIOR PROJECT INC,4899 BELFORT RD STE 300,JACKSONVILLE,FL,W30,813410,32256,IN,,200508,12031,15,NA,NA,310997780,16eofinextract990.dat,201509,398698187,9,0.194382401,W30,W,W,PC,PU,W,PB,O,PU,OT,Y,N,NA,NA,NA,NA,NA,NA,NA,NA,NA,NA,NA,NA,NA,NA,NA,NA,NA,NA,NA,NA,NA,NA,NA,NA,NA,NA,NA,NA,NA,NA,NA,NA,NA,NA,NA,NA,NA,2000
79,363274346,,10,3,201812,24956171,10841916,ARMED SERVICES YMCA OF THE USA,14040 CENTRAL LOOP B,WOODBRIDGE,VA,P27,624100,22193,IN,,198701,51059,15,NA,NA,23376577,16eofinextract990.dat,201512,6339163,12,0.46593044,P27,P,P,PC,HU,P,HS,O,HU,HU,Y,N,NA,NA,NA,NA,NA,NA,NA,NA,NA,NA,NA,NA,NA,NA,NA,NA,NA,NA,NA,NA,NA,NA,NA,NA,NA,NA,NA,NA,NA,NA,NA,NA,NA,NA,NA,NA,NA,2000
80,530204618,,10,3,201812,115169946,40169541,NAVY-MARINE CORPS RELIEF SOCIETY,875 N RANDOLPH STREET,ARLINGTON,VA,W30,813410,22203,IN,,200001,51013,15,NA,NA,125422178,16eofinextract990.dat,201512,23971035,12,0.02824518,W30,W,W,PC,PU,W,PB,O,PU,OT,Y,N,NA,NA,NA,NA,NA,NA,NA,NA,NA,NA,NA,NA,NA,NA,NA,NA,NA,NA,NA,NA,NA,NA,NA,NA,NA,NA,NA,NA,NA,NA,NA,NA,NA,NA,NA,NA,NA,2000
81,541797281,,10,3,201812,189049978,61295687,AIR FORCE AID SOCIETY INC,241 18TH ST S STE 202,ARLINGTON,VA,W30,813410,22202,IN,,199608,51013,15,NA,NA,183252774,16eofinextract990.dat,201512,15606283,12,0.619139987,W30,W,W,PC,PU,W,PB,O,PU,OT,Y,N,NA,NA,NA,NA,NA,NA,NA,NA,NA,NA,NA,NA,NA,NA,NA,NA,NA,NA,NA,NA,NA,NA,NA,NA,NA,NA,NA,NA,NA,NA,NA,NA,NA,NA,NA,NA,NA,2000
82,751973894,,10,3,201812,1554248,1212127,FIRST COMMAND EDUCATIONAL FOUNDATION,1 FIRSTCOMM PLZ,FORT WORTH,TX,B11,813219,76109,IN,,198407,48439,15,NA,NA,1437047,16eofinextract990.dat,201512,897275,12,0.488618991,B11,B,B,PC,ED,B,ZA,S,ED,ED,Y,N,NA,NA,NA,NA,NA,NA,NA,NA,NA,NA,NA,NA,NA,NA,NA,NA,NA,NA,NA,NA,NA,NA,NA,NA,NA,NA,NA,NA,NA,NA,NA,NA,NA,NA,NA,NA,NA,2000
83,812774207,,10,3,201812,53438,51996,SAC FOUNDATION,7148 TOWNE CENTER PKWY,PAPILLION,NE,P51,NA,68046,,,201608,NA,NA,NA,NA,NA,,NA,NA,12,0.560795591,P51,P,P,PC,HU,P,HS,O,HU,HU,Y,N,NA,NA,NA,NA,NA,NA,NA,NA,NA,NA,NA,NA,NA,NA,NA,NA,NA,NA,NA,NA,NA,NA,NA,NA,NA,NA,NA,NA,NA,NA,NA,NA,NA,NA,NA,NA,NA,2000
84,824397332,,10,3,201812,194160,3.00E+05,AMERICAN WARRIOR ASSOCIATION,111 BOLAND ST STE 201,FORT WORTH,TX,P20,NA,76107,,,201812,NA,NA,NA,NA,NA,,NA,NA,12,0.335575008,P20,P,P,PC,HU,P,HS,O,HU,HU,Y,N,NA,NA,NA,NA,NA,NA,NA,NA,NA,NA,NA,NA,NA,NA,NA,NA,NA,NA,NA,NA,NA,NA,NA,NA,NA,NA,NA,NA,NA,NA,NA,NA,NA,NA,NA,NA,NA,2000
85,202370934,,10,3,201809,NA,NA,WOUNDED WARRIOR PROJECT INC,4899 BELFORT RD STE 300,JACKSONVILLE,FL,W30,813410,32256,IN,,200508,12031,15,NA,NA,310997780,16eofinextract990.dat,201509,398698187,9,0.194382401,W30,W,W,PC,PU,W,PB,O,PU,OT,Y,N,NA,NA,NA,NA,NA,NA,NA,NA,NA,NA,NA,NA,NA,NA,NA,NA,NA,NA,NA,NA,NA,NA,NA,NA,NA,NA,NA,NA,NA,NA,NA,NA,NA,NA,NA,NA,NA,2001
86,363274346,,10,3,201812,24956171,10841916,ARMED SERVICES YMCA OF THE USA,14040 CENTRAL LOOP B,WOODBRIDGE,VA,P27,624100,22193,IN,,198701,51059,15,NA,NA,23376577,16eofinextract990.dat,201512,6339163,12,0.46593044,P27,P,P,PC,HU,P,HS,O,HU,HU,Y,N,NA,NA,NA,NA,NA,NA,NA,NA,NA,NA,NA,NA,NA,NA,NA,NA,NA,NA,NA,NA,NA,NA,NA,NA,NA,NA,NA,NA,NA,NA,NA,NA,NA,NA,NA,NA,NA,2001
87,530204618,,10,3,201812,115169946,40169541,NAVY-MARINE CORPS RELIEF SOCIETY,875 N RANDOLPH STREET,ARLINGTON,VA,W30,813410,22203,IN,,200001,51013,15,NA,NA,125422178,16eofinextract990.dat,201512,23971035,12,0.02824518,W30,W,W,PC,PU,W,PB,O,PU,OT,Y,N,NA,NA,NA,NA,NA,NA,NA,NA,NA,NA,NA,NA,NA,NA,NA,NA,NA,NA,NA,NA,NA,NA,NA,NA,NA,NA,NA,NA,NA,NA,NA,NA,NA,NA,NA,NA,NA,2001
88,541797281,,10,3,201812,189049978,61295687,AIR FORCE AID SOCIETY INC,241 18TH ST S STE 202,ARLINGTON,VA,W30,813410,22202,IN,,199608,51013,15,NA,NA,183252774,16eofinextract990.dat,201512,15606283,12,0.619139987,W30,W,W,PC,PU,W,PB,O,PU,OT,Y,N,NA,NA,NA,NA,NA,NA,NA,NA,NA,NA,NA,NA,NA,NA,NA,NA,NA,NA,NA,NA,NA,NA,NA,NA,NA,NA,NA,NA,NA,NA,NA,NA,NA,NA,NA,NA,NA,2001
89,751973894,,10,3,201812,1554248,1212127,FIRST COMMAND EDUCATIONAL FOUNDATION,1 FIRSTCOMM PLZ,FORT WORTH,TX,B11,813219,76109,IN,,198407,48439,15,NA,NA,1437047,16eofinextract990.dat,201512,897275,12,0.488618991,B11,B,B,PC,ED,B,ZA,S,ED,ED,Y,N,NA,NA,NA,NA,NA,NA,NA,NA,NA,NA,NA,NA,NA,NA,NA,NA,NA,NA,NA,NA,NA,NA,NA,NA,NA,NA,NA,NA,NA,NA,NA,NA,NA,NA,NA,NA,NA,2001
90,812774207,,10,3,201812,53438,51996,SAC FOUNDATION,7148 TOWNE CENTER PKWY,PAPILLION,NE,P51,NA,68046,,,201608,NA,NA,NA,NA,NA,,NA,NA,12,0.560795591,P51,P,P,PC,HU,P,HS,O,HU,HU,Y,N,NA,NA,NA,NA,NA,NA,NA,NA,NA,NA,NA,NA,NA,NA,NA,NA,NA,NA,NA,NA,NA,NA,NA,NA,NA,NA,NA,NA,NA,NA,NA,NA,NA,NA,NA,NA,NA,2001
91,824397332,,10,3,201812,194160,3.00E+05,AMERICAN WARRIOR ASSOCIATION,111 BOLAND ST STE 201,FORT WORTH,TX,P20,NA,76107,,,201812,NA,NA,NA,NA,NA,,NA,NA,12,0.335575008,P20,P,P,PC,HU,P,HS,O,HU,HU,Y,N,NA,NA,NA,NA,NA,NA,NA,NA,NA,NA,NA,NA,NA,NA,NA,NA,NA,NA,NA,NA,NA,NA,NA,NA,NA,NA,NA,NA,NA,NA,NA,NA,NA,NA,NA,NA,NA,2001
92,202370934,,10,3,201809,NA,NA,WOUNDED WARRIOR PROJECT INC,4899 BELFORT RD STE 300,JACKSONVILLE,FL,W30,813410,32256,IN,,200508,12031,15,NA,NA,310997780,16eofinextract990.dat,201509,398698187,9,0.194382401,W30,W,W,PC,PU,W,PB,O,PU,OT,Y,N,NA,NA,NA,NA,NA,NA,NA,NA,NA,NA,NA,NA,NA,NA,NA,NA,NA,NA,NA,NA,NA,NA,NA,NA,NA,NA,NA,NA,NA,NA,NA,NA,NA,NA,NA,NA,NA,2002
93,363274346,,10,3,201812,24956171,10841916,ARMED SERVICES YMCA OF THE USA,14040 CENTRAL LOOP B,WOODBRIDGE,VA,P27,624100,22193,IN,,198701,51059,15,NA,NA,23376577,16eofinextract990.dat,201512,6339163,12,0.46593044,P27,P,P,PC,HU,P,HS,O,HU,HU,Y,N,NA,NA,NA,NA,NA,NA,NA,NA,NA,NA,NA,NA,NA,NA,NA,NA,NA,NA,NA,NA,NA,NA,NA,NA,NA,NA,NA,NA,NA,NA,NA,NA,NA,NA,NA,NA,NA,2002
94,530204618,,10,3,201812,115169946,40169541,NAVY-MARINE CORPS RELIEF SOCIETY,875 N RANDOLPH STREET,ARLINGTON,VA,W30,813410,22203,IN,,200001,51013,15,NA,NA,125422178,16eofinextract990.dat,201512,23971035,12,0.02824518,W30,W,W,PC,PU,W,PB,O,PU,OT,Y,N,NA,NA,NA,NA,NA,NA,NA,NA,NA,NA,NA,NA,NA,NA,NA,NA,NA,NA,NA,NA,NA,NA,NA,NA,NA,NA,NA,NA,NA,NA,NA,NA,NA,NA,NA,NA,NA,2002
95,541797281,,10,3,201812,189049978,61295687,AIR FORCE AID SOCIETY INC,241 18TH ST S STE 202,ARLINGTON,VA,W30,813410,22202,IN,,199608,51013,15,NA,NA,183252774,16eofinextract990.dat,201512,15606283,12,0.619139987,W30,W,W,PC,PU,W,PB,O,PU,OT,Y,N,NA,NA,NA,NA,NA,NA,NA,NA,NA,NA,NA,NA,NA,NA,NA,NA,NA,NA,NA,NA,NA,NA,NA,NA,NA,NA,NA,NA,NA,NA,NA,NA,NA,NA,NA,NA,NA,2002
96,751973894,,10,3,201812,1554248,1212127,FIRST COMMAND EDUCATIONAL FOUNDATION,1 FIRSTCOMM PLZ,FORT WORTH,TX,B11,813219,76109,IN,,198407,48439,15,NA,NA,1437047,16eofinextract990.dat,201512,897275,12,0.488618991,B11,B,B,PC,ED,B,ZA,S,ED,ED,Y,N,NA,NA,NA,NA,NA,NA,NA,NA,NA,NA,NA,NA,NA,NA,NA,NA,NA,NA,NA,NA,NA,NA,NA,NA,NA,NA,NA,NA,NA,NA,NA,NA,NA,NA,NA,NA,NA,2002
97,812774207,,10,3,201812,53438,51996,SAC FOUNDATION,7148 TOWNE CENTER PKWY,PAPILLION,NE,P51,NA,68046,,,201608,NA,NA,NA,NA,NA,,NA,NA,12,0.560795591,P51,P,P,PC,HU,P,HS,O,HU,HU,Y,N,NA,NA,NA,NA,NA,NA,NA,NA,NA,NA,NA,NA,NA,NA,NA,NA,NA,NA,NA,NA,NA,NA,NA,NA,NA,NA,NA,NA,NA,NA,NA,NA,NA,NA,NA,NA,NA,2002
98,824397332,,10,3,201812,194160,3.00E+05,AMERICAN WARRIOR ASSOCIATION,111 BOLAND ST STE 201,FORT WORTH,TX,P20,NA,76107,,,201812,NA,NA,NA,NA,NA,,NA,NA,12,0.335575008,P20,P,P,PC,HU,P,HS,O,HU,HU,Y,N,NA,NA,NA,NA,NA,NA,NA,NA,NA,NA,NA,NA,NA,NA,NA,NA,NA,NA,NA,NA,NA,NA,NA,NA,NA,NA,NA,NA,NA,NA,NA,NA,NA,NA,NA,NA,NA,2002
99,202370934,,10,3,201809,NA,NA,WOUNDED WARRIOR PROJECT INC,4899 BELFORT RD STE 300,JACKSONVILLE,FL,W30,813410,32256,IN,,200508,12031,15,NA,NA,310997780,16eofinextract990.dat,201509,398698187,9,0.194382401,W30,W,W,PC,PU,W,PB,O,PU,OT,Y,N,NA,NA,NA,NA,NA,NA,NA,NA,NA,NA,NA,NA,NA,NA,NA,NA,NA,NA,NA,NA,NA,NA,NA,NA,NA,NA,NA,NA,NA,NA,NA,NA,NA,NA,NA,NA,NA,2003
100,363274346,,10,3,201812,24956171,10841916,ARMED SERVICES YMCA OF THE USA,14040 CENTRAL LOOP B,WOODBRIDGE,VA,P27,624100,22193,IN,,198701,51059,15,NA,NA,23376577,16eofinextract990.dat,201512,6339163,12,0.46593044,P27,P,P,PC,HU,P,HS,O,HU,HU,Y,N,NA,NA,NA,NA,NA,NA,NA,NA,NA,NA,NA,NA,NA,NA,NA,NA,NA,NA,NA,NA,NA,NA,NA,NA,NA,NA,NA,NA,NA,NA,NA,NA,NA,NA,NA,NA,NA,2003
101,530204618,,10,3,201812,115169946,40169541,NAVY-MARINE CORPS RELIEF SOCIETY,875 N RANDOLPH STREET,ARLINGTON,VA,W30,813410,22203,IN,,200001,51013,15,NA,NA,125422178,16eofinextract990.dat,201512,23971035,12,0.02824518,W30,W,W,PC,PU,W,PB,O,PU,OT,Y,N,NA,NA,NA,NA,NA,NA,NA,NA,NA,NA,NA,NA,NA,NA,NA,NA,NA,NA,NA,NA,NA,NA,NA,NA,NA,NA,NA,NA,NA,NA,NA,NA,NA,NA,NA,NA,NA,2003
102,541797281,,10,3,201812,189049978,61295687,AIR FORCE AID SOCIETY INC,241 18TH ST S STE 202,ARLINGTON,VA,W30,813410,22202,IN,,199608,51013,15,NA,NA,183252774,16eofinextract990.dat,201512,15606283,12,0.619139987,W30,W,W,PC,PU,W,PB,O,PU,OT,Y,N,NA,NA,NA,NA,NA,NA,NA,NA,NA,NA,NA,NA,NA,NA,NA,NA,NA,NA,NA,NA,NA,NA,NA,NA,NA,NA,NA,NA,NA,NA,NA,NA,NA,NA,NA,NA,NA,2003
103,751973894,,10,3,201812,1554248,1212127,FIRST COMMAND EDUCATIONAL FOUNDATION,1 FIRSTCOMM PLZ,FORT WORTH,TX,B11,813219,76109,IN,,198407,48439,15,NA,NA,1437047,16eofinextract990.dat,201512,897275,12,0.488618991,B11,B,B,PC,ED,B,ZA,S,ED,ED,Y,N,NA,NA,NA,NA,NA,NA,NA,NA,NA,NA,NA,NA,NA,NA,NA,NA,NA,NA,NA,NA,NA,NA,NA,NA,NA,NA,NA,NA,NA,NA,NA,NA,NA,NA,NA,NA,NA,2003
104,812774207,,10,3,201812,53438,51996,SAC FOUNDATION,7148 TOWNE CENTER PKWY,PAPILLION,NE,P51,NA,68046,,,201608,NA,NA,NA,NA,NA,,NA,NA,12,0.560795591,P51,P,P,PC,HU,P,HS,O,HU,HU,Y,N,NA,NA,NA,NA,NA,NA,NA,NA,NA,NA,NA,NA,NA,NA,NA,NA,NA,NA,NA,NA,NA,NA,NA,NA,NA,NA,NA,NA,NA,NA,NA,NA,NA,NA,NA,NA,NA,2003
105,824397332,,10,3,201812,194160,3.00E+05,AMERICAN WARRIOR ASSOCIATION,111 BOLAND ST STE 201,FORT WORTH,TX,P20,NA,76107,,,201812,NA,NA,NA,NA,NA,,NA,NA,12,0.335575008,P20,P,P,PC,HU,P,HS,O,HU,HU,Y,N,NA,NA,NA,NA,NA,NA,NA,NA,NA,NA,NA,NA,NA,NA,NA,NA,NA,NA,NA,NA,NA,NA,NA,NA,NA,NA,NA,NA,NA,NA,NA,NA,NA,NA,NA,NA,NA,2003
106,202370934,,10,3,201809,NA,NA,WOUNDED WARRIOR PROJECT INC,4899 BELFORT RD STE 300,JACKSONVILLE,FL,W30,813410,32256,IN,,200508,12031,15,NA,NA,310997780,16eofinextract990.dat,201509,398698187,9,0.194382401,W30,W,W,PC,PU,W,PB,O,PU,OT,Y,N,NA,NA,NA,NA,NA,NA,NA,NA,NA,NA,NA,NA,NA,NA,NA,NA,NA,NA,NA,NA,NA,NA,NA,NA,NA,NA,NA,NA,NA,NA,NA,NA,NA,NA,NA,NA,NA,2004
107,363274346,,10,3,201812,24956171,10841916,ARMED SERVICES YMCA OF THE USA,14040 CENTRAL LOOP B,WOODBRIDGE,VA,P27,624100,22193,IN,,198701,51059,15,NA,NA,23376577,16eofinextract990.dat,201512,6339163,12,0.46593044,P27,P,P,PC,HU,P,HS,O,HU,HU,Y,N,NA,NA,NA,NA,NA,NA,NA,NA,NA,NA,NA,NA,NA,NA,NA,NA,NA,NA,NA,NA,NA,NA,NA,NA,NA,NA,NA,NA,NA,NA,NA,NA,NA,NA,NA,NA,NA,2004
108,530204618,,10,3,201812,115169946,40169541,NAVY-MARINE CORPS RELIEF SOCIETY,875 N RANDOLPH STREET,ARLINGTON,VA,W30,813410,22203,IN,,200001,51013,15,NA,NA,125422178,16eofinextract990.dat,201512,23971035,12,0.02824518,W30,W,W,PC,PU,W,PB,O,PU,OT,Y,N,NA,NA,NA,NA,NA,NA,NA,NA,NA,NA,NA,NA,NA,NA,NA,NA,NA,NA,NA,NA,NA,NA,NA,NA,NA,NA,NA,NA,NA,NA,NA,NA,NA,NA,NA,NA,NA,2004
109,541797281,,10,3,201812,189049978,61295687,AIR FORCE AID SOCIETY INC,241 18TH ST S STE 202,ARLINGTON,VA,W30,813410,22202,IN,,199608,51013,15,NA,NA,183252774,16eofinextract990.dat,201512,15606283,12,0.619139987,W30,W,W,PC,PU,W,PB,O,PU,OT,Y,N,NA,NA,NA,NA,NA,NA,NA,NA,NA,NA,NA,NA,NA,NA,NA,NA,NA,NA,NA,NA,NA,NA,NA,NA,NA,NA,NA,NA,NA,NA,NA,NA,NA,NA,NA,NA,NA,2004
110,751973894,,10,3,201812,1554248,1212127,FIRST COMMAND EDUCATIONAL FOUNDATION,1 FIRSTCOMM PLZ,FORT WORTH,TX,B11,813219,76109,IN,,198407,48439,15,NA,NA,1437047,16eofinextract990.dat,201512,897275,12,0.488618991,B11,B,B,PC,ED,B,ZA,S,ED,ED,Y,N,NA,NA,NA,NA,NA,NA,NA,NA,NA,NA,NA,NA,NA,NA,NA,NA,NA,NA,NA,NA,NA,NA,NA,NA,NA,NA,NA,NA,NA,NA,NA,NA,NA,NA,NA,NA,NA,2004
111,812774207,,10,3,201812,53438,51996,SAC FOUNDATION,7148 TOWNE CENTER PKWY,PAPILLION,NE,P51,NA,68046,,,201608,NA,NA,NA,NA,NA,,NA,NA,12,0.560795591,P51,P,P,PC,HU,P,HS,O,HU,HU,Y,N,NA,NA,NA,NA,NA,NA,NA,NA,NA,NA,NA,NA,NA,NA,NA,NA,NA,NA,NA,NA,NA,NA,NA,NA,NA,NA,NA,NA,NA,NA,NA,NA,NA,NA,NA,NA,NA,2004
112,824397332,,10,3,201812,194160,3.00E+05,AMERICAN WARRIOR ASSOCIATION,111 BOLAND ST STE 201,FORT WORTH,TX,P20,NA,76107,,,201812,NA,NA,NA,NA,NA,,NA,NA,12,0.335575008,P20,P,P,PC,HU,P,HS,O,HU,HU,Y,N,NA,NA,NA,NA,NA,NA,NA,NA,NA,NA,NA,NA,NA,NA,NA,NA,NA,NA,NA,NA,NA,NA,NA,NA,NA,NA,NA,NA,NA,NA,NA,NA,NA,NA,NA,NA,NA,2004
113,202370934,,10,3,201809,NA,NA,WOUNDED WARRIOR PROJECT INC,4899 BELFORT RD STE 300,JACKSONVILLE,FL,W30,813410,32256,IN,,200508,12031,15,NA,NA,310997780,16eofinextract990.dat,201509,398698187,9,0.194382401,W30,W,W,PC,PU,W,PB,O,PU,OT,Y,N,NA,NA,NA,NA,NA,NA,NA,NA,NA,NA,NA,NA,NA,NA,NA,NA,NA,NA,NA,NA,NA,NA,NA,NA,NA,NA,NA,NA,NA,NA,NA,NA,NA,NA,NA,NA,NA,2005
114,363274346,,10,3,201812,24956171,10841916,ARMED SERVICES YMCA OF THE USA,14040 CENTRAL LOOP B,WOODBRIDGE,VA,P27,624100,22193,IN,,198701,51059,15,NA,NA,23376577,16eofinextract990.dat,201512,6339163,12,0.46593044,P27,P,P,PC,HU,P,HS,O,HU,HU,Y,N,NA,NA,NA,NA,NA,NA,NA,NA,NA,NA,NA,NA,NA,NA,NA,NA,NA,NA,NA,NA,NA,NA,NA,NA,NA,NA,NA,NA,NA,NA,NA,NA,NA,NA,NA,NA,NA,2005
115,530204618,,10,3,201812,115169946,40169541,NAVY-MARINE CORPS RELIEF SOCIETY,875 N RANDOLPH STREET,ARLINGTON,VA,W30,813410,22203,IN,,200001,51013,15,NA,NA,125422178,16eofinextract990.dat,201512,23971035,12,0.02824518,W30,W,W,PC,PU,W,PB,O,PU,OT,Y,N,NA,NA,NA,NA,NA,NA,NA,NA,NA,NA,NA,NA,NA,NA,NA,NA,NA,NA,NA,NA,NA,NA,NA,NA,NA,NA,NA,NA,NA,NA,NA,NA,NA,NA,NA,NA,NA,2005
116,541797281,,10,3,201812,189049978,61295687,AIR FORCE AID SOCIETY INC,241 18TH ST S STE 202,ARLINGTON,VA,W30,813410,22202,IN,,199608,51013,15,NA,NA,183252774,16eofinextract990.dat,201512,15606283,12,0.619139987,W30,W,W,PC,PU,W,PB,O,PU,OT,Y,N,NA,NA,NA,NA,NA,NA,NA,NA,NA,NA,NA,NA,NA,NA,NA,NA,NA,NA,NA,NA,NA,NA,NA,NA,NA,NA,NA,NA,NA,NA,NA,NA,NA,NA,NA,NA,NA,2005
117,751973894,,10,3,201812,1554248,1212127,FIRST COMMAND EDUCATIONAL FOUNDATION,1 FIRSTCOMM PLZ,FORT WORTH,TX,B11,813219,76109,IN,,198407,48439,15,NA,NA,1437047,16eofinextract990.dat,201512,897275,12,0.488618991,B11,B,B,PC,ED,B,ZA,S,ED,ED,Y,N,NA,NA,NA,NA,NA,NA,NA,NA,NA,NA,NA,NA,NA,NA,NA,NA,NA,NA,NA,NA,NA,NA,NA,NA,NA,NA,NA,NA,NA,NA,NA,NA,NA,NA,NA,NA,NA,2005
118,812774207,,10,3,201812,53438,51996,SAC FOUNDATION,7148 TOWNE CENTER PKWY,PAPILLION,NE,P51,NA,68046,,,201608,NA,NA,NA,NA,NA,,NA,NA,12,0.560795591,P51,P,P,PC,HU,P,HS,O,HU,HU,Y,N,NA,NA,NA,NA,NA,NA,NA,NA,NA,NA,NA,NA,NA,NA,NA,NA,NA,NA,NA,NA,NA,NA,NA,NA,NA,NA,NA,NA,NA,NA,NA,NA,NA,NA,NA,NA,NA,2005
119,824397332,,10,3,201812,194160,3.00E+05,AMERICAN WARRIOR ASSOCIATION,111 BOLAND ST STE 201,FORT WORTH,TX,P20,NA,76107,,,201812,NA,NA,NA,NA,NA,,NA,NA,12,0.335575008,P20,P,P,PC,HU,P,HS,O,HU,HU,Y,N,NA,NA,NA,NA,NA,NA,NA,NA,NA,NA,NA,NA,NA,NA,NA,NA,NA,NA,NA,NA,NA,NA,NA,NA,NA,NA,NA,NA,NA,NA,NA,NA,NA,NA,NA,NA,NA,2005
120,202370934,,10,3,201809,NA,NA,WOUNDED WARRIOR PROJECT INC,4899 BELFORT RD STE 300,JACKSONVILLE,FL,W30,813410,32256,IN,,200508,12031,15,NA,NA,310997780,16eofinextract990.dat,201509,398698187,9,0.194382401,W30,W,W,PC,PU,W,PB,O,PU,OT,Y,N,NA,NA,NA,NA,NA,NA,NA,NA,NA,NA,NA,NA,NA,NA,NA,NA,NA,NA,NA,NA,NA,NA,NA,NA,NA,NA,NA,NA,NA,NA,NA,NA,NA,NA,NA,NA,NA,2006
121,363274346,,10,3,201812,24956171,10841916,ARMED SERVICES YMCA OF THE USA,14040 CENTRAL LOOP B,WOODBRIDGE,VA,P27,624100,22193,IN,,198701,51059,15,NA,NA,23376577,16eofinextract990.dat,201512,6339163,12,0.46593044,P27,P,P,PC,HU,P,HS,O,HU,HU,Y,N,NA,NA,NA,NA,NA,NA,NA,NA,NA,NA,NA,NA,NA,NA,NA,NA,NA,NA,NA,NA,NA,NA,NA,NA,NA,NA,NA,NA,NA,NA,NA,NA,NA,NA,NA,NA,NA,2006
122,530204618,,10,3,201812,115169946,40169541,NAVY-MARINE CORPS RELIEF SOCIETY,875 N RANDOLPH STREET,ARLINGTON,VA,W30,813410,22203,IN,,200001,51013,15,NA,NA,125422178,16eofinextract990.dat,201512,23971035,12,0.02824518,W30,W,W,PC,PU,W,PB,O,PU,OT,Y,N,NA,NA,NA,NA,NA,NA,NA,NA,NA,NA,NA,NA,NA,NA,NA,NA,NA,NA,NA,NA,NA,NA,NA,NA,NA,NA,NA,NA,NA,NA,NA,NA,NA,NA,NA,NA,NA,2006
123,541797281,,10,3,201812,189049978,61295687,AIR FORCE AID SOCIETY INC,241 18TH ST S STE 202,ARLINGTON,VA,W30,813410,22202,IN,,199608,51013,15,NA,NA,183252774,16eofinextract990.dat,201512,15606283,12,0.619139987,W30,W,W,PC,PU,W,PB,O,PU,OT,Y,N,NA,NA,NA,NA,NA,NA,NA,NA,NA,NA,NA,NA,NA,NA,NA,NA,NA,NA,NA,NA,NA,NA,NA,NA,NA,NA,NA,NA,NA,NA,NA,NA,NA,NA,NA,NA,NA,2006
124,751973894,,10,3,201812,1554248,1212127,FIRST COMMAND EDUCATIONAL FOUNDATION,1 FIRSTCOMM PLZ,FORT WORTH,TX,B11,813219,76109,IN,,198407,48439,15,NA,NA,1437047,16eofinextract990.dat,201512,897275,12,0.488618991,B11,B,B,PC,ED,B,ZA,S,ED,ED,Y,N,NA,NA,NA,NA,NA,NA,NA,NA,NA,NA,NA,NA,NA,NA,NA,NA,NA,NA,NA,NA,NA,NA,NA,NA,NA,NA,NA,NA,NA,NA,NA,NA,NA,NA,NA,NA,NA,2006
125,812774207,,10,3,201812,53438,51996,SAC FOUNDATION,7148 TOWNE CENTER PKWY,PAPILLION,NE,P51,NA,68046,,,201608,NA,NA,NA,NA,NA,,NA,NA,12,0.560795591,P51,P,P,PC,HU,P,HS,O,HU,HU,Y,N,NA,NA,NA,NA,NA,NA,NA,NA,NA,NA,NA,NA,NA,NA,NA,NA,NA,NA,NA,NA,NA,NA,NA,NA,NA,NA,NA,NA,NA,NA,NA,NA,NA,NA,NA,NA,NA,2006
126,824397332,,10,3,201812,194160,3.00E+05,AMERICAN WARRIOR ASSOCIATION,111 BOLAND ST STE 201,FORT WORTH,TX,P20,NA,76107,,,201812,NA,NA,NA,NA,NA,,NA,NA,12,0.335575008,P20,P,P,PC,HU,P,HS,O,HU,HU,Y,N,NA,NA,NA,NA,NA,NA,NA,NA,NA,NA,NA,NA,NA,NA,NA,NA,NA,NA,NA,NA,NA,NA,NA,NA,NA,NA,NA,NA,NA,NA,NA,NA,NA,NA,NA,NA,NA,2006
127,202370934,,10,3,201809,NA,NA,WOUNDED WARRIOR PROJECT INC,4899 BELFORT RD STE 300,JACKSONVILLE,FL,W30,813410,32256,IN,,200508,12031,15,NA,NA,310997780,16eofinextract990.dat,201509,398698187,9,0.194382401,W30,W,W,PC,PU,W,PB,O,PU,OT,Y,N,NA,NA,NA,NA,NA,NA,NA,NA,NA,NA,NA,NA,NA,NA,NA,NA,NA,NA,NA,NA,NA,NA,NA,NA,NA,NA,NA,NA,NA,NA,NA,NA,NA,NA,NA,NA,NA,2007
128,363274346,,10,3,201812,24956171,10841916,ARMED SERVICES YMCA OF THE USA,14040 CENTRAL LOOP B,WOODBRIDGE,VA,P27,624100,22193,IN,,198701,51059,15,NA,NA,23376577,16eofinextract990.dat,201512,6339163,12,0.46593044,P27,P,P,PC,HU,P,HS,O,HU,HU,Y,N,NA,NA,NA,NA,NA,NA,NA,NA,NA,NA,NA,NA,NA,NA,NA,NA,NA,NA,NA,NA,NA,NA,NA,NA,NA,NA,NA,NA,NA,NA,NA,NA,NA,NA,NA,NA,NA,2007
129,530204618,,10,3,201812,115169946,40169541,NAVY-MARINE CORPS RELIEF SOCIETY,875 N RANDOLPH STREET,ARLINGTON,VA,W30,813410,22203,IN,,200001,51013,15,NA,NA,125422178,16eofinextract990.dat,201512,23971035,12,0.02824518,W30,W,W,PC,PU,W,PB,O,PU,OT,Y,N,NA,NA,NA,NA,NA,NA,NA,NA,NA,NA,NA,NA,NA,NA,NA,NA,NA,NA,NA,NA,NA,NA,NA,NA,NA,NA,NA,NA,NA,NA,NA,NA,NA,NA,NA,NA,NA,2007
130,541797281,,10,3,201812,189049978,61295687,AIR FORCE AID SOCIETY INC,241 18TH ST S STE 202,ARLINGTON,VA,W30,813410,22202,IN,,199608,51013,15,NA,NA,183252774,16eofinextract990.dat,201512,15606283,12,0.619139987,W30,W,W,PC,PU,W,PB,O,PU,OT,Y,N,NA,NA,NA,NA,NA,NA,NA,NA,NA,NA,NA,NA,NA,NA,NA,NA,NA,NA,NA,NA,NA,NA,NA,NA,NA,NA,NA,NA,NA,NA,NA,NA,NA,NA,NA,NA,NA,2007
131,751973894,,10,3,201812,1554248,1212127,FIRST COMMAND EDUCATIONAL FOUNDATION,1 FIRSTCOMM PLZ,FORT WORTH,TX,B11,813219,76109,IN,,198407,48439,15,NA,NA,1437047,16eofinextract990.dat,201512,897275,12,0.488618991,B11,B,B,PC,ED,B,ZA,S,ED,ED,Y,N,NA,NA,NA,NA,NA,NA,NA,NA,NA,NA,NA,NA,NA,NA,NA,NA,NA,NA,NA,NA,NA,NA,NA,NA,NA,NA,NA,NA,NA,NA,NA,NA,NA,NA,NA,NA,NA,2007
132,812774207,,10,3,201812,53438,51996,SAC FOUNDATION,7148 TOWNE CENTER PKWY,PAPILLION,NE,P51,NA,68046,,,201608,NA,NA,NA,NA,NA,,NA,NA,12,0.560795591,P51,P,P,PC,HU,P,HS,O,HU,HU,Y,N,NA,NA,NA,NA,NA,NA,NA,NA,NA,NA,NA,NA,NA,NA,NA,NA,NA,NA,NA,NA,NA,NA,NA,NA,NA,NA,NA,NA,NA,NA,NA,NA,NA,NA,NA,NA,NA,2007
133,824397332,,10,3,201812,194160,3.00E+05,AMERICAN WARRIOR ASSOCIATION,111 BOLAND ST STE 201,FORT WORTH,TX,P20,NA,76107,,,201812,NA,NA,NA,NA,NA,,NA,NA,12,0.335575008,P20,P,P,PC,HU,P,HS,O,HU,HU,Y,N,NA,NA,NA,NA,NA,NA,NA,NA,NA,NA,NA,NA,NA,NA,NA,NA,NA,NA,NA,NA,NA,NA,NA,NA,NA,NA,NA,NA,NA,NA,NA,NA,NA,NA,NA,NA,NA,2007
134,202370934,,10,3,201809,NA,NA,WOUNDED WARRIOR PROJECT INC,4899 BELFORT RD STE 300,JACKSONVILLE,FL,W30,813410,32256,IN,,200508,12031,15,NA,NA,310997780,16eofinextract990.dat,201509,398698187,9,0.194382401,W30,W,W,PC,PU,W,PB,O,PU,OT,Y,N,NA,NA,NA,NA,NA,NA,NA,NA,NA,NA,NA,NA,NA,NA,NA,NA,NA,NA,NA,NA,NA,NA,NA,NA,NA,NA,NA,NA,NA,NA,NA,NA,NA,NA,NA,NA,NA,2008
135,363274346,,10,3,201812,24956171,10841916,ARMED SERVICES YMCA OF THE USA,14040 CENTRAL LOOP B,WOODBRIDGE,VA,P27,624100,22193,IN,,198701,51059,15,NA,NA,23376577,16eofinextract990.dat,201512,6339163,12,0.46593044,P27,P,P,PC,HU,P,HS,O,HU,HU,Y,N,NA,NA,NA,NA,NA,NA,NA,NA,NA,NA,NA,NA,NA,NA,NA,NA,NA,NA,NA,NA,NA,NA,NA,NA,NA,NA,NA,NA,NA,NA,NA,NA,NA,NA,NA,NA,NA,2008
136,530204618,,10,3,201812,115169946,40169541,NAVY-MARINE CORPS RELIEF SOCIETY,875 N RANDOLPH STREET,ARLINGTON,VA,W30,813410,22203,IN,,200001,51013,15,NA,NA,125422178,16eofinextract990.dat,201512,23971035,12,0.02824518,W30,W,W,PC,PU,W,PB,O,PU,OT,Y,N,NA,NA,NA,NA,NA,NA,NA,NA,NA,NA,NA,NA,NA,NA,NA,NA,NA,NA,NA,NA,NA,NA,NA,NA,NA,NA,NA,NA,NA,NA,NA,NA,NA,NA,NA,NA,NA,2008
137,541797281,,10,3,201812,189049978,61295687,AIR FORCE AID SOCIETY INC,241 18TH ST S STE 202,ARLINGTON,VA,W30,813410,22202,IN,,199608,51013,15,NA,NA,183252774,16eofinextract990.dat,201512,15606283,12,0.619139987,W30,W,W,PC,PU,W,PB,O,PU,OT,Y,N,NA,NA,NA,NA,NA,NA,NA,NA,NA,NA,NA,NA,NA,NA,NA,NA,NA,NA,NA,NA,NA,NA,NA,NA,NA,NA,NA,NA,NA,NA,NA,NA,NA,NA,NA,NA,NA,2008
138,751973894,,10,3,201812,1554248,1212127,FIRST COMMAND EDUCATIONAL FOUNDATION,1 FIRSTCOMM PLZ,FORT WORTH,TX,B11,813219,76109,IN,,198407,48439,15,NA,NA,1437047,16eofinextract990.dat,201512,897275,12,0.488618991,B11,B,B,PC,ED,B,ZA,S,ED,ED,Y,N,NA,NA,NA,NA,NA,NA,NA,NA,NA,NA,NA,NA,NA,NA,NA,NA,NA,NA,NA,NA,NA,NA,NA,NA,NA,NA,NA,NA,NA,NA,NA,NA,NA,NA,NA,NA,NA,2008
139,812774207,,10,3,201812,53438,51996,SAC FOUNDATION,7148 TOWNE CENTER PKWY,PAPILLION,NE,P51,NA,68046,,,201608,NA,NA,NA,NA,NA,,NA,NA,12,0.560795591,P51,P,P,PC,HU,P,HS,O,HU,HU,Y,N,NA,NA,NA,NA,NA,NA,NA,NA,NA,NA,NA,NA,NA,NA,NA,NA,NA,NA,NA,NA,NA,NA,NA,NA,NA,NA,NA,NA,NA,NA,NA,NA,NA,NA,NA,NA,NA,2008
140,824397332,,10,3,201812,194160,3.00E+05,AMERICAN WARRIOR ASSOCIATION,111 BOLAND ST STE 201,FORT WORTH,TX,P20,NA,76107,,,201812,NA,NA,NA,NA,NA,,NA,NA,12,0.335575008,P20,P,P,PC,HU,P,HS,O,HU,HU,Y,N,NA,NA,NA,NA,NA,NA,NA,NA,NA,NA,NA,NA,NA,NA,NA,NA,NA,NA,NA,NA,NA,NA,NA,NA,NA,NA,NA,NA,NA,NA,NA,NA,NA,NA,NA,NA,NA,2008
141,202370934,,10,3,201809,NA,NA,WOUNDED WARRIOR PROJECT INC,4899 BELFORT RD STE 300,JACKSONVILLE,FL,W30,813410,32256,IN,,200508,12031,15,NA,NA,310997780,16eofinextract990.dat,201509,398698187,9,0.194382401,W30,W,W,PC,PU,W,PB,O,PU,OT,Y,N,NA,NA,NA,NA,NA,NA,NA,NA,NA,NA,NA,NA,NA,NA,NA,NA,NA,NA,NA,NA,NA,NA,NA,NA,NA,NA,NA,NA,NA,NA,NA,NA,NA,NA,NA,NA,NA,2009
142,363274346,,10,3,201812,24956171,10841916,ARMED SERVICES YMCA OF THE USA,14040 CENTRAL LOOP B,WOODBRIDGE,VA,P27,624100,22193,IN,,198701,51059,15,NA,NA,23376577,16eofinextract990.dat,201512,6339163,12,0.46593044,P27,P,P,PC,HU,P,HS,O,HU,HU,Y,N,NA,NA,NA,NA,NA,NA,NA,NA,NA,NA,NA,NA,NA,NA,NA,NA,NA,NA,NA,NA,NA,NA,NA,NA,NA,NA,NA,NA,NA,NA,NA,NA,NA,NA,NA,NA,NA,2009
143,530204618,,10,3,201812,115169946,40169541,NAVY-MARINE CORPS RELIEF SOCIETY,875 N RANDOLPH STREET,ARLINGTON,VA,W30,813410,22203,IN,,200001,51013,15,NA,NA,125422178,16eofinextract990.dat,201512,23971035,12,0.02824518,W30,W,W,PC,PU,W,PB,O,PU,OT,Y,N,NA,NA,NA,NA,NA,NA,NA,NA,NA,NA,NA,NA,NA,NA,NA,NA,NA,NA,NA,NA,NA,NA,NA,NA,NA,NA,NA,NA,NA,NA,NA,NA,NA,NA,NA,NA,NA,2009
144,541797281,,10,3,201812,189049978,61295687,AIR FORCE AID SOCIETY INC,241 18TH ST S STE 202,ARLINGTON,VA,W30,813410,22202,IN,,199608,51013,15,NA,NA,183252774,16eofinextract990.dat,201512,15606283,12,0.619139987,W30,W,W,PC,PU,W,PB,O,PU,OT,Y,N,NA,NA,NA,NA,NA,NA,NA,NA,NA,NA,NA,NA,NA,NA,NA,NA,NA,NA,NA,NA,NA,NA,NA,NA,NA,NA,NA,NA,NA,NA,NA,NA,NA,NA,NA,NA,NA,2009
145,751973894,,10,3,201812,1554248,1212127,FIRST COMMAND EDUCATIONAL FOUNDATION,1 FIRSTCOMM PLZ,FORT WORTH,TX,B11,813219,76109,IN,,198407,48439,15,NA,NA,1437047,16eofinextract990.dat,201512,897275,12,0.488618991,B11,B,B,PC,ED,B,ZA,S,ED,ED,Y,N,NA,NA,NA,NA,NA,NA,NA,NA,NA,NA,NA,NA,NA,NA,NA,NA,NA,NA,NA,NA,NA,NA,NA,NA,NA,NA,NA,NA,NA,NA,NA,NA,NA,NA,NA,NA,NA,2009
146,812774207,,10,3,201812,53438,51996,SAC FOUNDATION,7148 TOWNE CENTER PKWY,PAPILLION,NE,P51,NA,68046,,,201608,NA,NA,NA,NA,NA,,NA,NA,12,0.560795591,P51,P,P,PC,HU,P,HS,O,HU,HU,Y,N,NA,NA,NA,NA,NA,NA,NA,NA,NA,NA,NA,NA,NA,NA,NA,NA,NA,NA,NA,NA,NA,NA,NA,NA,NA,NA,NA,NA,NA,NA,NA,NA,NA,NA,NA,NA,NA,2009
147,824397332,,10,3,201812,194160,3.00E+05,AMERICAN WARRIOR ASSOCIATION,111 BOLAND ST STE 201,FORT WORTH,TX,P20,NA,76107,,,201812,NA,NA,NA,NA,NA,,NA,NA,12,0.335575008,P20,P,P,PC,HU,P,HS,O,HU,HU,Y,N,NA,NA,NA,NA,NA,NA,NA,NA,NA,NA,NA,NA,NA,NA,NA,NA,NA,NA,NA,NA,NA,NA,NA,NA,NA,NA,NA,NA,NA,NA,NA,NA,NA,NA,NA,NA,NA,2009
148,202370934,,10,3,201809,NA,NA,WOUNDED WARRIOR PROJECT INC,4899 BELFORT RD STE 300,JACKSONVILLE,FL,W30,813410,32256,IN,,200508,12031,15,NA,NA,310997780,16eofinextract990.dat,201509,398698187,9,0.194382401,W30,W,W,PC,PU,W,PB,O,PU,OT,Y,N,NA,NA,NA,NA,NA,NA,NA,NA,NA,NA,NA,NA,NA,NA,NA,NA,NA,NA,NA,NA,NA,NA,NA,NA,NA,NA,NA,NA,NA,NA,NA,NA,NA,NA,NA,NA,NA,2010
149,363274346,,10,3,201812,24956171,10841916,ARMED SERVICES YMCA OF THE USA,14040 CENTRAL LOOP B,WOODBRIDGE,VA,P27,624100,22193,IN,,198701,51059,15,NA,NA,23376577,16eofinextract990.dat,201512,6339163,12,0.46593044,P27,P,P,PC,HU,P,HS,O,HU,HU,Y,N,NA,NA,NA,NA,NA,NA,NA,NA,NA,NA,NA,NA,NA,NA,NA,NA,NA,NA,NA,NA,NA,NA,NA,NA,NA,NA,NA,NA,NA,NA,NA,NA,NA,NA,NA,NA,NA,2010
150,530204618,,10,3,201812,115169946,40169541,NAVY-MARINE CORPS RELIEF SOCIETY,875 N RANDOLPH STREET,ARLINGTON,VA,W30,813410,22203,IN,,200001,51013,15,NA,NA,125422178,16eofinextract990.dat,201512,23971035,12,0.02824518,W30,W,W,PC,PU,W,PB,O,PU,OT,Y,N,NA,NA,NA,NA,NA,NA,NA,NA,NA,NA,NA,NA,NA,NA,NA,NA,NA,NA,NA,NA,NA,NA,NA,NA,NA,NA,NA,NA,NA,NA,NA,NA,NA,NA,NA,NA,NA,2010
151,541797281,,10,3,201812,189049978,61295687,AIR FORCE AID SOCIETY INC,241 18TH ST S STE 202,ARLINGTON,VA,W30,813410,22202,IN,,199608,51013,15,NA,NA,183252774,16eofinextract990.dat,201512,15606283,12,0.619139987,W30,W,W,PC,PU,W,PB,O,PU,OT,Y,N,NA,NA,NA,NA,NA,NA,NA,NA,NA,NA,NA,NA,NA,NA,NA,NA,NA,NA,NA,NA,NA,NA,NA,NA,NA,NA,NA,NA,NA,NA,NA,NA,NA,NA,NA,NA,NA,2010
152,751973894,,10,3,201812,1554248,1212127,FIRST COMMAND EDUCATIONAL FOUNDATION,1 FIRSTCOMM PLZ,FORT WORTH,TX,B11,813219,76109,IN,,198407,48439,15,NA,NA,1437047,16eofinextract990.dat,201512,897275,12,0.488618991,B11,B,B,PC,ED,B,ZA,S,ED,ED,Y,N,NA,NA,NA,NA,NA,NA,NA,NA,NA,NA,NA,NA,NA,NA,NA,NA,NA,NA,NA,NA,NA,NA,NA,NA,NA,NA,NA,NA,NA,NA,NA,NA,NA,NA,NA,NA,NA,2010
153,812774207,,10,3,201812,53438,51996,SAC FOUNDATION,7148 TOWNE CENTER PKWY,PAPILLION,NE,P51,NA,68046,,,201608,NA,NA,NA,NA,NA,,NA,NA,12,0.560795591,P51,P,P,PC,HU,P,HS,O,HU,HU,Y,N,NA,NA,NA,NA,NA,NA,NA,NA,NA,NA,NA,NA,NA,NA,NA,NA,NA,NA,NA,NA,NA,NA,NA,NA,NA,NA,NA,NA,NA,NA,NA,NA,NA,NA,NA,NA,NA,2010
154,824397332,,10,3,201812,194160,3.00E+05,AMERICAN WARRIOR ASSOCIATION,111 BOLAND ST STE 201,FORT WORTH,TX,P20,NA,76107,,,201812,NA,NA,NA,NA,NA,,NA,NA,12,0.335575008,P20,P,P,PC,HU,P,HS,O,HU,HU,Y,N,NA,NA,NA,NA,NA,NA,NA,NA,NA,NA,NA,NA,NA,NA,NA,NA,NA,NA,NA,NA,NA,NA,NA,NA,NA,NA,NA,NA,NA,NA,NA,NA,NA,NA,NA,NA,NA,2010
155,202370934,,10,3,201809,NA,NA,WOUNDED WARRIOR PROJECT INC,4899 BELFORT RD STE 300,JACKSONVILLE,FL,W30,813410,32256,IN,,200508,12031,15,NA,NA,310997780,16eofinextract990.dat,201509,398698187,9,0.194382401,W30,W,W,PC,PU,W,PB,O,PU,OT,Y,N,NA,NA,NA,NA,NA,NA,NA,NA,NA,NA,NA,NA,NA,NA,NA,NA,NA,NA,NA,NA,NA,NA,NA,NA,NA,NA,NA,NA,NA,NA,NA,NA,NA,NA,NA,NA,NA,2011
156,363274346,,10,3,201812,24956171,10841916,ARMED SERVICES YMCA OF THE USA,14040 CENTRAL LOOP B,WOODBRIDGE,VA,P27,624100,22193,IN,,198701,51059,15,NA,NA,23376577,16eofinextract990.dat,201512,6339163,12,0.46593044,P27,P,P,PC,HU,P,HS,O,HU,HU,Y,N,NA,NA,NA,NA,NA,NA,NA,NA,NA,NA,NA,NA,NA,NA,NA,NA,NA,NA,NA,NA,NA,NA,NA,NA,NA,NA,NA,NA,NA,NA,NA,NA,NA,NA,NA,NA,NA,2011
157,530204618,,10,3,201812,115169946,40169541,NAVY-MARINE CORPS RELIEF SOCIETY,875 N RANDOLPH STREET,ARLINGTON,VA,W30,813410,22203,IN,,200001,51013,15,NA,NA,125422178,16eofinextract990.dat,201512,23971035,12,0.02824518,W30,W,W,PC,PU,W,PB,O,PU,OT,Y,N,NA,NA,NA,NA,NA,NA,NA,NA,NA,NA,NA,NA,NA,NA,NA,NA,NA,NA,NA,NA,NA,NA,NA,NA,NA,NA,NA,NA,NA,NA,NA,NA,NA,NA,NA,NA,NA,2011
158,541797281,,10,3,201812,189049978,61295687,AIR FORCE AID SOCIETY INC,241 18TH ST S STE 202,ARLINGTON,VA,W30,813410,22202,IN,,199608,51013,15,NA,NA,183252774,16eofinextract990.dat,201512,15606283,12,0.619139987,W30,W,W,PC,PU,W,PB,O,PU,OT,Y,N,NA,NA,NA,NA,NA,NA,NA,NA,NA,NA,NA,NA,NA,NA,NA,NA,NA,NA,NA,NA,NA,NA,NA,NA,NA,NA,NA,NA,NA,NA,NA,NA,NA,NA,NA,NA,NA,2011
159,751973894,,10,3,201812,1554248,1212127,FIRST COMMAND EDUCATIONAL FOUNDATION,1 FIRSTCOMM PLZ,FORT WORTH,TX,B11,813219,76109,IN,,198407,48439,15,NA,NA,1437047,16eofinextract990.dat,201512,897275,12,0.488618991,B11,B,B,PC,ED,B,ZA,S,ED,ED,Y,N,NA,NA,NA,NA,NA,NA,NA,NA,NA,NA,NA,NA,NA,NA,NA,NA,NA,NA,NA,NA,NA,NA,NA,NA,NA,NA,NA,NA,NA,NA,NA,NA,NA,NA,NA,NA,NA,2011
160,812774207,,10,3,201812,53438,51996,SAC FOUNDATION,7148 TOWNE CENTER PKWY,PAPILLION,NE,P51,NA,68046,,,201608,NA,NA,NA,NA,NA,,NA,NA,12,0.560795591,P51,P,P,PC,HU,P,HS,O,HU,HU,Y,N,NA,NA,NA,NA,NA,NA,NA,NA,NA,NA,NA,NA,NA,NA,NA,NA,NA,NA,NA,NA,NA,NA,NA,NA,NA,NA,NA,NA,NA,NA,NA,NA,NA,NA,NA,NA,NA,2011
161,824397332,,10,3,201812,194160,3.00E+05,AMERICAN WARRIOR ASSOCIATION,111 BOLAND ST STE 201,FORT WORTH,TX,P20,NA,76107,,,201812,NA,NA,NA,NA,NA,,NA,NA,12,0.335575008,P20,P,P,PC,HU,P,HS,O,HU,HU,Y,N,NA,NA,NA,NA,NA,NA,NA,NA,NA,NA,NA,NA,NA,NA,NA,NA,NA,NA,NA,NA,NA,NA,NA,NA,NA,NA,NA,NA,NA,NA,NA,NA,NA,NA,NA,NA,NA,2011
162,202370934,,10,3,201809,NA,NA,WOUNDED WARRIOR PROJECT INC,4899 BELFORT RD STE 300,JACKSONVILLE,FL,W30,813410,32256,IN,,200508,12031,15,NA,NA,310997780,16eofinextract990.dat,201509,398698187,9,0.194382401,W30,W,W,PC,PU,W,PB,O,PU,OT,Y,N,NA,NA,NA,NA,NA,NA,NA,NA,NA,NA,NA,NA,NA,NA,NA,NA,NA,NA,NA,NA,NA,NA,NA,NA,NA,NA,NA,NA,NA,NA,NA,NA,NA,NA,NA,NA,NA,2012
163,363274346,,10,3,201812,24956171,10841916,ARMED SERVICES YMCA OF THE USA,14040 CENTRAL LOOP B,WOODBRIDGE,VA,P27,624100,22193,IN,,198701,51059,15,NA,NA,23376577,16eofinextract990.dat,201512,6339163,12,0.46593044,P27,P,P,PC,HU,P,HS,O,HU,HU,Y,N,NA,NA,NA,NA,NA,NA,NA,NA,NA,NA,NA,NA,NA,NA,NA,NA,NA,NA,NA,NA,NA,NA,NA,NA,NA,NA,NA,NA,NA,NA,NA,NA,NA,NA,NA,NA,NA,2012
164,530204618,,10,3,201812,115169946,40169541,NAVY-MARINE CORPS RELIEF SOCIETY,875 N RANDOLPH STREET,ARLINGTON,VA,W30,813410,22203,IN,,200001,51013,15,NA,NA,125422178,16eofinextract990.dat,201512,23971035,12,0.02824518,W30,W,W,PC,PU,W,PB,O,PU,OT,Y,N,NA,NA,NA,NA,NA,NA,NA,NA,NA,NA,NA,NA,NA,NA,NA,NA,NA,NA,NA,NA,NA,NA,NA,NA,NA,NA,NA,NA,NA,NA,NA,NA,NA,NA,NA,NA,NA,2012
165,541797281,,10,3,201812,189049978,61295687,AIR FORCE AID SOCIETY INC,241 18TH ST S STE 202,ARLINGTON,VA,W30,813410,22202,IN,,199608,51013,15,NA,NA,183252774,16eofinextract990.dat,201512,15606283,12,0.619139987,W30,W,W,PC,PU,W,PB,O,PU,OT,Y,N,NA,NA,NA,NA,NA,NA,NA,NA,NA,NA,NA,NA,NA,NA,NA,NA,NA,NA,NA,NA,NA,NA,NA,NA,NA,NA,NA,NA,NA,NA,NA,NA,NA,NA,NA,NA,NA,2012
166,751973894,,10,3,201812,1554248,1212127,FIRST COMMAND EDUCATIONAL FOUNDATION,1 FIRSTCOMM PLZ,FORT WORTH,TX,B11,813219,76109,IN,,198407,48439,15,NA,NA,1437047,16eofinextract990.dat,201512,897275,12,0.488618991,B11,B,B,PC,ED,B,ZA,S,ED,ED,Y,N,NA,NA,NA,NA,NA,NA,NA,NA,NA,NA,NA,NA,NA,NA,NA,NA,NA,NA,NA,NA,NA,NA,NA,NA,NA,NA,NA,NA,NA,NA,NA,NA,NA,NA,NA,NA,NA,2012
167,812774207,,10,3,201812,53438,51996,SAC FOUNDATION,7148 TOWNE CENTER PKWY,PAPILLION,NE,P51,NA,68046,,,201608,NA,NA,NA,NA,NA,,NA,NA,12,0.560795591,P51,P,P,PC,HU,P,HS,O,HU,HU,Y,N,NA,NA,NA,NA,NA,NA,NA,NA,NA,NA,NA,NA,NA,NA,NA,NA,NA,NA,NA,NA,NA,NA,NA,NA,NA,NA,NA,NA,NA,NA,NA,NA,NA,NA,NA,NA,NA,2012
168,824397332,,10,3,201812,194160,3.00E+05,AMERICAN WARRIOR ASSOCIATION,111 BOLAND ST STE 201,FORT WORTH,TX,P20,NA,76107,,,201812,NA,NA,NA,NA,NA,,NA,NA,12,0.335575008,P20,P,P,PC,HU,P,HS,O,HU,HU,Y,N,NA,NA,NA,NA,NA,NA,NA,NA,NA,NA,NA,NA,NA,NA,NA,NA,NA,NA,NA,NA,NA,NA,NA,NA,NA,NA,NA,NA,NA,NA,NA,NA,NA,NA,NA,NA,NA,2012
169,202370934,,10,3,201809,NA,NA,WOUNDED WARRIOR PROJECT INC,4899 BELFORT RD STE 300,JACKSONVILLE,FL,W30,813410,32256,IN,,200508,12031,15,NA,NA,310997780,16eofinextract990.dat,201509,398698187,9,0.194382401,W30,W,W,PC,PU,W,PB,O,PU,OT,Y,N,NA,NA,NA,NA,NA,NA,NA,NA,NA,NA,NA,NA,NA,NA,NA,NA,NA,NA,NA,NA,NA,NA,NA,NA,NA,NA,NA,NA,NA,NA,NA,NA,NA,NA,NA,NA,NA,2013
170,363274346,,10,3,201812,24956171,10841916,ARMED SERVICES YMCA OF THE USA,14040 CENTRAL LOOP B,WOODBRIDGE,VA,P27,624100,22193,IN,,198701,51059,15,NA,NA,23376577,16eofinextract990.dat,201512,6339163,12,0.46593044,P27,P,P,PC,HU,P,HS,O,HU,HU,Y,N,NA,NA,NA,NA,NA,NA,NA,NA,NA,NA,NA,NA,NA,NA,NA,NA,NA,NA,NA,NA,NA,NA,NA,NA,NA,NA,NA,NA,NA,NA,NA,NA,NA,NA,NA,NA,NA,2013
171,530204618,,10,3,201812,115169946,40169541,NAVY-MARINE CORPS RELIEF SOCIETY,875 N RANDOLPH STREET,ARLINGTON,VA,W30,813410,22203,IN,,200001,51013,15,NA,NA,125422178,16eofinextract990.dat,201512,23971035,12,0.02824518,W30,W,W,PC,PU,W,PB,O,PU,OT,Y,N,NA,NA,NA,NA,NA,NA,NA,NA,NA,NA,NA,NA,NA,NA,NA,NA,NA,NA,NA,NA,NA,NA,NA,NA,NA,NA,NA,NA,NA,NA,NA,NA,NA,NA,NA,NA,NA,2013
172,541797281,,10,3,201812,189049978,61295687,AIR FORCE AID SOCIETY INC,241 18TH ST S STE 202,ARLINGTON,VA,W30,813410,22202,IN,,199608,51013,15,NA,NA,183252774,16eofinextract990.dat,201512,15606283,12,0.619139987,W30,W,W,PC,PU,W,PB,O,PU,OT,Y,N,NA,NA,NA,NA,NA,NA,NA,NA,NA,NA,NA,NA,NA,NA,NA,NA,NA,NA,NA,NA,NA,NA,NA,NA,NA,NA,NA,NA,NA,NA,NA,NA,NA,NA,NA,NA,NA,2013
173,751973894,,10,3,201812,1554248,1212127,FIRST COMMAND EDUCATIONAL FOUNDATION,1 FIRSTCOMM PLZ,FORT WORTH,TX,B11,813219,76109,IN,,198407,48439,15,NA,NA,1437047,16eofinextract990.dat,201512,897275,12,0.488618991,B11,B,B,PC,ED,B,ZA,S,ED,ED,Y,N,NA,NA,NA,NA,NA,NA,NA,NA,NA,NA,NA,NA,NA,NA,NA,NA,NA,NA,NA,NA,NA,NA,NA,NA,NA,NA,NA,NA,NA,NA,NA,NA,NA,NA,NA,NA,NA,2013
174,812774207,,10,3,201812,53438,51996,SAC FOUNDATION,7148 TOWNE CENTER PKWY,PAPILLION,NE,P51,NA,68046,,,201608,NA,NA,NA,NA,NA,,NA,NA,12,0.560795591,P51,P,P,PC,HU,P,HS,O,HU,HU,Y,N,NA,NA,NA,NA,NA,NA,NA,NA,NA,NA,NA,NA,NA,NA,NA,NA,NA,NA,NA,NA,NA,NA,NA,NA,NA,NA,NA,NA,NA,NA,NA,NA,NA,NA,NA,NA,NA,2013
175,824397332,,10,3,201812,194160,3.00E+05,AMERICAN WARRIOR ASSOCIATION,111 BOLAND ST STE 201,FORT WORTH,TX,P20,NA,76107,,,201812,NA,NA,NA,NA,NA,,NA,NA,12,0.335575008,P20,P,P,PC,HU,P,HS,O,HU,HU,Y,N,NA,NA,NA,NA,NA,NA,NA,NA,NA,NA,NA,NA,NA,NA,NA,NA,NA,NA,NA,NA,NA,NA,NA,NA,NA,NA,NA,NA,NA,NA,NA,NA,NA,NA,NA,NA,NA,2013
176,202370934,,10,3,201809,NA,NA,WOUNDED WARRIOR PROJECT INC,4899 BELFORT RD STE 300,JACKSONVILLE,FL,W30,813410,32256,IN,,200508,12031,15,NA,NA,310997780,16eofinextract990.dat,201509,398698187,9,0.194382401,W30,W,W,PC,PU,W,PB,O,PU,OT,Y,N,NA,NA,NA,NA,NA,NA,NA,NA,NA,NA,NA,NA,NA,NA,NA,NA,NA,NA,NA,NA,NA,NA,NA,NA,NA,NA,NA,NA,NA,NA,NA,NA,NA,NA,NA,NA,NA,2014
177,363274346,,10,3,201812,24956171,10841916,ARMED SERVICES YMCA OF THE USA,14040 CENTRAL LOOP B,WOODBRIDGE,VA,P27,624100,22193,IN,,198701,51059,15,NA,NA,23376577,16eofinextract990.dat,201512,6339163,12,0.46593044,P27,P,P,PC,HU,P,HS,O,HU,HU,Y,N,NA,NA,NA,NA,NA,NA,NA,NA,NA,NA,NA,NA,NA,NA,NA,NA,NA,NA,NA,NA,NA,NA,NA,NA,NA,NA,NA,NA,NA,NA,NA,NA,NA,NA,NA,NA,NA,2014
178,530204618,,10,3,201812,115169946,40169541,NAVY-MARINE CORPS RELIEF SOCIETY,875 N RANDOLPH STREET,ARLINGTON,VA,W30,813410,22203,IN,,200001,51013,15,NA,NA,125422178,16eofinextract990.dat,201512,23971035,12,0.02824518,W30,W,W,PC,PU,W,PB,O,PU,OT,Y,N,NA,NA,NA,NA,NA,NA,NA,NA,NA,NA,NA,NA,NA,NA,NA,NA,NA,NA,NA,NA,NA,NA,NA,NA,NA,NA,NA,NA,NA,NA,NA,NA,NA,NA,NA,NA,NA,2014
179,541797281,,10,3,201812,189049978,61295687,AIR FORCE AID SOCIETY INC,241 18TH ST S STE 202,ARLINGTON,VA,W30,813410,22202,IN,,199608,51013,15,NA,NA,183252774,16eofinextract990.dat,201512,15606283,12,0.619139987,W30,W,W,PC,PU,W,PB,O,PU,OT,Y,N,NA,NA,NA,NA,NA,NA,NA,NA,NA,NA,NA,NA,NA,NA,NA,NA,NA,NA,NA,NA,NA,NA,NA,NA,NA,NA,NA,NA,NA,NA,NA,NA,NA,NA,NA,NA,NA,2014
180,751973894,,10,3,201812,1554248,1212127,FIRST COMMAND EDUCATIONAL FOUNDATION,1 FIRSTCOMM PLZ,FORT WORTH,TX,B11,813219,76109,IN,,198407,48439,15,NA,NA,1437047,16eofinextract990.dat,201512,897275,12,0.488618991,B11,B,B,PC,ED,B,ZA,S,ED,ED,Y,N,NA,NA,NA,NA,NA,NA,NA,NA,NA,NA,NA,NA,NA,NA,NA,NA,NA,NA,NA,NA,NA,NA,NA,NA,NA,NA,NA,NA,NA,NA,NA,NA,NA,NA,NA,NA,NA,2014
181,812774207,,10,3,201812,53438,51996,SAC FOUNDATION,7148 TOWNE CENTER PKWY,PAPILLION,NE,P51,NA,68046,,,201608,NA,NA,NA,NA,NA,,NA,NA,12,0.560795591,P51,P,P,PC,HU,P,HS,O,HU,HU,Y,N,NA,NA,NA,NA,NA,NA,NA,NA,NA,NA,NA,NA,NA,NA,NA,NA,NA,NA,NA,NA,NA,NA,NA,NA,NA,NA,NA,NA,NA,NA,NA,NA,NA,NA,NA,NA,NA,2014
182,824397332,,10,3,201812,194160,3.00E+05,AMERICAN WARRIOR ASSOCIATION,111 BOLAND ST STE 201,FORT WORTH,TX,P20,NA,76107,,,201812,NA,NA,NA,NA,NA,,NA,NA,12,0.335575008,P20,P,P,PC,HU,P,HS,O,HU,HU,Y,N,NA,NA,NA,NA,NA,NA,NA,NA,NA,NA,NA,NA,NA,NA,NA,NA,NA,NA,NA,NA,NA,NA,NA,NA,NA,NA,NA,NA,NA,NA,NA,NA,NA,NA,NA,NA,NA,2014
183,202370934,,10,3,201809,NA,NA,WOUNDED WARRIOR PROJECT INC,4899 BELFORT RD STE 300,JACKSONVILLE,FL,W30,813410,32256,IN,,200508,12031,15,NA,NA,310997780,16eofinextract990.dat,201509,398698187,9,0.194382401,W30,W,W,PC,PU,W,PB,O,PU,OT,Y,N,NA,NA,NA,NA,NA,NA,NA,NA,NA,NA,NA,NA,NA,NA,NA,NA,NA,NA,NA,NA,NA,NA,NA,NA,NA,NA,NA,NA,NA,NA,NA,NA,NA,NA,NA,NA,NA,2015
184,363274346,,10,3,201812,24956171,10841916,ARMED SERVICES YMCA OF THE USA,14040 CENTRAL LOOP B,WOODBRIDGE,VA,P27,624100,22193,IN,,198701,51059,15,NA,NA,23376577,16eofinextract990.dat,201512,6339163,12,0.46593044,P27,P,P,PC,HU,P,HS,O,HU,HU,Y,N,NA,NA,NA,NA,NA,NA,NA,NA,NA,NA,NA,NA,NA,NA,NA,NA,NA,NA,NA,NA,NA,NA,NA,NA,NA,NA,NA,NA,NA,NA,NA,NA,NA,NA,NA,NA,NA,2015
185,530204618,,10,3,201812,115169946,40169541,NAVY-MARINE CORPS RELIEF SOCIETY,875 N RANDOLPH STREET,ARLINGTON,VA,W30,813410,22203,IN,,200001,51013,15,NA,NA,125422178,16eofinextract990.dat,201512,23971035,12,0.02824518,W30,W,W,PC,PU,W,PB,O,PU,OT,Y,N,NA,NA,NA,NA,NA,NA,NA,NA,NA,NA,NA,NA,NA,NA,NA,NA,NA,NA,NA,NA,NA,NA,NA,NA,NA,NA,NA,NA,NA,NA,NA,NA,NA,NA,NA,NA,NA,2015
186,541797281,,10,3,201812,189049978,61295687,AIR FORCE AID SOCIETY INC,241 18TH ST S STE 202,ARLINGTON,VA,W30,813410,22202,IN,,199608,51013,15,NA,NA,183252774,16eofinextract990.dat,201512,15606283,12,0.619139987,W30,W,W,PC,PU,W,PB,O,PU,OT,Y,N,NA,NA,NA,NA,NA,NA,NA,NA,NA,NA,NA,NA,NA,NA,NA,NA,NA,NA,NA,NA,NA,NA,NA,NA,NA,NA,NA,NA,NA,NA,NA,NA,NA,NA,NA,NA,NA,2015
187,751973894,,10,3,201812,1554248,1212127,FIRST COMMAND EDUCATIONAL FOUNDATION,1 FIRSTCOMM PLZ,FORT WORTH,TX,B11,813219,76109,IN,,198407,48439,15,NA,NA,1437047,16eofinextract990.dat,201512,897275,12,0.488618991,B11,B,B,PC,ED,B,ZA,S,ED,ED,Y,N,NA,NA,NA,NA,NA,NA,NA,NA,NA,NA,NA,NA,NA,NA,NA,NA,NA,NA,NA,NA,NA,NA,NA,NA,NA,NA,NA,NA,NA,NA,NA,NA,NA,NA,NA,NA,NA,2015
188,812774207,,10,3,201812,53438,51996,SAC FOUNDATION,7148 TOWNE CENTER PKWY,PAPILLION,NE,P51,NA,68046,,,201608,NA,NA,NA,NA,NA,,NA,NA,12,0.560795591,P51,P,P,PC,HU,P,HS,O,HU,HU,Y,N,NA,NA,NA,NA,NA,NA,NA,NA,NA,NA,NA,NA,NA,NA,NA,NA,NA,NA,NA,NA,NA,NA,NA,NA,NA,NA,NA,NA,NA,NA,NA,NA,NA,NA,NA,NA,NA,2015
189,824397332,,10,3,201812,194160,3.00E+05,AMERICAN WARRIOR ASSOCIATION,111 BOLAND ST STE 201,FORT WORTH,TX,P20,NA,76107,,,201812,NA,NA,NA,NA,NA,,NA,NA,12,0.335575008,P20,P,P,PC,HU,P,HS,O,HU,HU,Y,N,NA,NA,NA,NA,NA,NA,NA,NA,NA,NA,NA,NA,NA,NA,NA,NA,NA,NA,NA,NA,NA,NA,NA,NA,NA,NA,NA,NA,NA,NA,NA,NA,NA,NA,NA,NA,NA,2015
190,202370934,,10,3,201809,NA,NA,WOUNDED WARRIOR PROJECT INC,4899 BELFORT RD STE 300,JACKSONVILLE,FL,W30,813410,32256,IN,,200508,12031,15,NA,NA,310997780,16eofinextract990.dat,201509,398698187,9,0.194382401,W30,W,W,PC,PU,W,PB,O,PU,OT,Y,N,NA,NA,NA,NA,NA,NA,NA,NA,NA,NA,NA,NA,NA,NA,NA,NA,NA,NA,NA,NA,NA,NA,NA,NA,NA,NA,NA,NA,NA,NA,NA,NA,NA,NA,NA,NA,NA,2016
191,363274346,,10,3,201812,24956171,10841916,ARMED SERVICES YMCA OF THE USA,14040 CENTRAL LOOP B,WOODBRIDGE,VA,P27,624100,22193,IN,,198701,51059,15,NA,NA,23376577,16eofinextract990.dat,201512,6339163,12,0.46593044,P27,P,P,PC,HU,P,HS,O,HU,HU,Y,N,NA,NA,NA,NA,NA,NA,NA,NA,NA,NA,NA,NA,NA,NA,NA,NA,NA,NA,NA,NA,NA,NA,NA,NA,NA,NA,NA,NA,NA,NA,NA,NA,NA,NA,NA,NA,NA,2016
192,530204618,,10,3,201812,115169946,40169541,NAVY-MARINE CORPS RELIEF SOCIETY,875 N RANDOLPH STREET,ARLINGTON,VA,W30,813410,22203,IN,,200001,51013,15,NA,NA,125422178,16eofinextract990.dat,201512,23971035,12,0.02824518,W30,W,W,PC,PU,W,PB,O,PU,OT,Y,N,NA,NA,NA,NA,NA,NA,NA,NA,NA,NA,NA,NA,NA,NA,NA,NA,NA,NA,NA,NA,NA,NA,NA,NA,NA,NA,NA,NA,NA,NA,NA,NA,NA,NA,NA,NA,NA,2016
193,541797281,,10,3,201812,189049978,61295687,AIR FORCE AID SOCIETY INC,241 18TH ST S STE 202,ARLINGTON,VA,W30,813410,22202,IN,,199608,51013,15,NA,NA,183252774,16eofinextract990.dat,201512,15606283,12,0.619139987,W30,W,W,PC,PU,W,PB,O,PU,OT,Y,N,NA,NA,NA,NA,NA,NA,NA,NA,NA,NA,NA,NA,NA,NA,NA,NA,NA,NA,NA,NA,NA,NA,NA,NA,NA,NA,NA,NA,NA,NA,NA,NA,NA,NA,NA,NA,NA,2016
194,751973894,,10,3,201812,1554248,1212127,FIRST COMMAND EDUCATIONAL FOUNDATION,1 FIRSTCOMM PLZ,FORT WORTH,TX,B11,813219,76109,IN,,198407,48439,15,NA,NA,1437047,16eofinextract990.dat,201512,897275,12,0.488618991,B11,B,B,PC,ED,B,ZA,S,ED,ED,Y,N,NA,NA,NA,NA,NA,NA,NA,NA,NA,NA,NA,NA,NA,NA,NA,NA,NA,NA,NA,NA,NA,NA,NA,NA,NA,NA,NA,NA,NA,NA,NA,NA,NA,NA,NA,NA,NA,2016
195,812774207,,10,3,201812,53438,51996,SAC FOUNDATION,7148 TOWNE CENTER PKWY,PAPILLION,NE,P51,NA,68046,,,201608,NA,NA,NA,NA,NA,,NA,NA,12,0.560795591,P51,P,P,PC,HU,P,HS,O,HU,HU,Y,N,NA,NA,NA,NA,NA,NA,NA,NA,NA,NA,NA,NA,NA,NA,NA,NA,NA,NA,NA,NA,NA,NA,NA,NA,NA,NA,NA,NA,NA,NA,NA,NA,NA,NA,NA,NA,NA,2016
196,824397332,,10,3,201812,194160,3.00E+05,AMERICAN WARRIOR ASSOCIATION,111 BOLAND ST STE 201,FORT WORTH,TX,P20,NA,76107,,,201812,NA,NA,NA,NA,NA,,NA,NA,12,0.335575008,P20,P,P,PC,HU,P,HS,O,HU,HU,Y,N,NA,NA,NA,NA,NA,NA,NA,NA,NA,NA,NA,NA,NA,NA,NA,NA,NA,NA,NA,NA,NA,NA,NA,NA,NA,NA,NA,NA,NA,NA,NA,NA,NA,NA,NA,NA,NA,2016
197,202370934,,10,3,201809,NA,NA,WOUNDED WARRIOR PROJECT INC,4899 BELFORT RD STE 300,JACKSONVILLE,FL,W30,813410,32256,IN,,200508,12031,15,NA,NA,310997780,16eofinextract990.dat,201509,398698187,9,0.194382401,W30,W,W,PC,PU,W,PB,O,PU,OT,Y,N,NA,NA,NA,NA,NA,NA,NA,NA,NA,NA,NA,NA,NA,NA,NA,NA,NA,NA,NA,NA,NA,NA,NA,NA,NA,NA,NA,NA,NA,NA,NA,NA,NA,NA,NA,NA,NA,2017
198,363274346,,10,3,201812,24956171,10841916,ARMED SERVICES YMCA OF THE USA,14040 CENTRAL LOOP B,WOODBRIDGE,VA,P27,624100,22193,IN,,198701,51059,15,NA,NA,23376577,16eofinextract990.dat,201512,6339163,12,0.46593044,P27,P,P,PC,HU,P,HS,O,HU,HU,Y,N,NA,NA,NA,NA,NA,NA,NA,NA,NA,NA,NA,NA,NA,NA,NA,NA,NA,NA,NA,NA,NA,NA,NA,NA,NA,NA,NA,NA,NA,NA,NA,NA,NA,NA,NA,NA,NA,2017
199,530204618,,10,3,201812,115169946,40169541,NAVY-MARINE CORPS RELIEF SOCIETY,875 N RANDOLPH STREET,ARLINGTON,VA,W30,813410,22203,IN,,200001,51013,15,NA,NA,125422178,16eofinextract990.dat,201512,23971035,12,0.02824518,W30,W,W,PC,PU,W,PB,O,PU,OT,Y,N,NA,NA,NA,NA,NA,NA,NA,NA,NA,NA,NA,NA,NA,NA,NA,NA,NA,NA,NA,NA,NA,NA,NA,NA,NA,NA,NA,NA,NA,NA,NA,NA,NA,NA,NA,NA,NA,2017
200,541797281,,10,3,201812,189049978,61295687,AIR FORCE AID SOCIETY INC,241 18TH ST S STE 202,ARLINGTON,VA,W30,813410,22202,IN,,199608,51013,15,NA,NA,183252774,16eofinextract990.dat,201512,15606283,12,0.619139987,W30,W,W,PC,PU,W,PB,O,PU,OT,Y,N,NA,NA,NA,NA,NA,NA,NA,NA,NA,NA,NA,NA,NA,NA,NA,NA,NA,NA,NA,NA,NA,NA,NA,NA,NA,NA,NA,NA,NA,NA,NA,NA,NA,NA,NA,NA,NA,2017
201,751973894,,10,3,201812,1554248,1212127,FIRST COMMAND EDUCATIONAL FOUNDATION,1 FIRSTCOMM PLZ,FORT WORTH,TX,B11,813219,76109,IN,,198407,48439,15,NA,NA,1437047,16eofinextract990.dat,201512,897275,12,0.488618991,B11,B,B,PC,ED,B,ZA,S,ED,ED,Y,N,NA,NA,NA,NA,NA,NA,NA,NA,NA,NA,NA,NA,NA,NA,NA,NA,NA,NA,NA,NA,NA,NA,NA,NA,NA,NA,NA,NA,NA,NA,NA,NA,NA,NA,NA,NA,NA,2017
202,812774207,,10,3,201812,53438,51996,SAC FOUNDATION,7148 TOWNE CENTER PKWY,PAPILLION,NE,P51,NA,68046,,,201608,NA,NA,NA,NA,NA,,NA,NA,12,0.560795591,P51,P,P,PC,HU,P,HS,O,HU,HU,Y,N,NA,NA,NA,NA,NA,NA,NA,NA,NA,NA,NA,NA,NA,NA,NA,NA,NA,NA,NA,NA,NA,NA,NA,NA,NA,NA,NA,NA,NA,NA,NA,NA,NA,NA,NA,NA,NA,2017
203,824397332,,10,3,201812,194160,3.00E+05,AMERICAN WARRIOR ASSOCIATION,111 BOLAND ST STE 201,FORT WORTH,TX,P20,NA,76107,,,201812,NA,NA,NA,NA,NA,,NA,NA,12,0.335575008,P20,P,P,PC,HU,P,HS,O,HU,HU,Y,N,NA,NA,NA,NA,NA,NA,NA,NA,NA,NA,NA,NA,NA,NA,NA,NA,NA,NA,NA,NA,NA,NA,NA,NA,NA,NA,NA,NA,NA,NA,NA,NA,NA,NA,NA,NA,NA,2017
204,202370934,,10,3,201809,NA,NA,WOUNDED WARRIOR PROJECT INC,4899 BELFORT RD STE 300,JACKSONVILLE,FL,W30,813410,32256,IN,,200508,12031,15,NA,NA,310997780,16eofinextract990.dat,201509,398698187,9,0.194382401,W30,W,W,PC,PU,W,PB,O,PU,OT,Y,N,NA,NA,NA,NA,NA,NA,NA,NA,NA,NA,NA,NA,NA,NA,NA,NA,NA,NA,NA,NA,NA,NA,NA,NA,NA,NA,NA,NA,NA,NA,NA,NA,NA,NA,NA,NA,NA,2018
205,363274346,,10,3,201812,24956171,10841916,ARMED SERVICES YMCA OF THE USA,14040 CENTRAL LOOP B,WOODBRIDGE,VA,P27,624100,22193,IN,,198701,51059,15,NA,NA,23376577,16eofinextract990.dat,201512,6339163,12,0.46593044,P27,P,P,PC,HU,P,HS,O,HU,HU,Y,N,NA,NA,NA,NA,NA,NA,NA,NA,NA,NA,NA,NA,NA,NA,NA,NA,NA,NA,NA,NA,NA,NA,NA,NA,NA,NA,NA,NA,NA,NA,NA,NA,NA,NA,NA,NA,NA,2018
206,530204618,,10,3,201812,115169946,40169541,NAVY-MARINE CORPS RELIEF SOCIETY,875 N RANDOLPH STREET,ARLINGTON,VA,W30,813410,22203,IN,,200001,51013,15,NA,NA,125422178,16eofinextract990.dat,201512,23971035,12,0.02824518,W30,W,W,PC,PU,W,PB,O,PU,OT,Y,N,NA,NA,NA,NA,NA,NA,NA,NA,NA,NA,NA,NA,NA,NA,NA,NA,NA,NA,NA,NA,NA,NA,NA,NA,NA,NA,NA,NA,NA,NA,NA,NA,NA,NA,NA,NA,NA,2018
207,541797281,,10,3,201812,189049978,61295687,AIR FORCE AID SOCIETY INC,241 18TH ST S STE 202,ARLINGTON,VA,W30,813410,22202,IN,,199608,51013,15,NA,NA,183252774,16eofinextract990.dat,201512,15606283,12,0.619139987,W30,W,W,PC,PU,W,PB,O,PU,OT,Y,N,NA,NA,NA,NA,NA,NA,NA,NA,NA,NA,NA,NA,NA,NA,NA,NA,NA,NA,NA,NA,NA,NA,NA,NA,NA,NA,NA,NA,NA,NA,NA,NA,NA,NA,NA,NA,NA,2018
208,751973894,,10,3,201812,1554248,1212127,FIRST COMMAND EDUCATIONAL FOUNDATION,1 FIRSTCOMM PLZ,FORT WORTH,TX,B11,813219,76109,IN,,198407,48439,15,NA,NA,1437047,16eofinextract990.dat,201512,897275,12,0.488618991,B11,B,B,PC,ED,B,ZA,S,ED,ED,Y,N,NA,NA,NA,NA,NA,NA,NA,NA,NA,NA,NA,NA,NA,NA,NA,NA,NA,NA,NA,NA,NA,NA,NA,NA,NA,NA,NA,NA,NA,NA,NA,NA,NA,NA,NA,NA,NA,2018
209,812774207,,10,3,201812,53438,51996,SAC FOUNDATION,7148 TOWNE CENTER PKWY,PAPILLION,NE,P51,NA,68046,,,201608,NA,NA,NA,NA,NA,,NA,NA,12,0.560795591,P51,P,P,PC,HU,P,HS,O,HU,HU,Y,N,NA,NA,NA,NA,NA,NA,NA,NA,NA,NA,NA,NA,NA,NA,NA,NA,NA,NA,NA,NA,NA,NA,NA,NA,NA,NA,NA,NA,NA,NA,NA,NA,NA,NA,NA,NA,NA,2018
210,824397332,,10,3,201812,194160,3.00E+05,AMERICAN WARRIOR ASSOCIATION,111 BOLAND ST STE 201,FORT WORTH,TX,P20,NA,76107,,,201812,NA,NA,NA,NA,NA,,NA,NA,12,0.335575008,P20,P,P,PC,HU,P,HS,O,HU,HU,Y,N,NA,NA,NA,NA,NA,NA,NA,NA,NA,NA,NA,NA,NA,NA,NA,NA,NA,NA,NA,NA,NA,NA,NA,NA,NA,NA,NA,NA,NA,NA,NA,NA,NA,NA,NA,NA,NA,2018
211,202370934,,10,3,201809,NA,NA,WOUNDED WARRIOR PROJECT INC,4899 BELFORT RD STE 300,JACKSONVILLE,FL,W30,813410,32256,IN,,200508,12031,15,NA,NA,310997780,16eofinextract990.dat,201509,398698187,9,0.194382401,W30,W,W,PC,PU,W,PB,O,PU,OT,Y,N,NA,NA,NA,NA,NA,NA,NA,NA,NA,NA,NA,NA,NA,NA,NA,NA,NA,NA,NA,NA,NA,NA,NA,NA,NA,NA,NA,NA,NA,NA,NA,NA,NA,NA,NA,NA,NA,2019
212,363274346,,10,3,201812,24956171,10841916,ARMED SERVICES YMCA OF THE USA,14040 CENTRAL LOOP B,WOODBRIDGE,VA,P27,624100,22193,IN,,198701,51059,15,NA,NA,23376577,16eofinextract990.dat,201512,6339163,12,0.46593044,P27,P,P,PC,HU,P,HS,O,HU,HU,Y,N,NA,NA,NA,NA,NA,NA,NA,NA,NA,NA,NA,NA,NA,NA,NA,NA,NA,NA,NA,NA,NA,NA,NA,NA,NA,NA,NA,NA,NA,NA,NA,NA,NA,NA,NA,NA,NA,2019
213,530204618,,10,3,201812,115169946,40169541,NAVY-MARINE CORPS RELIEF SOCIETY,875 N RANDOLPH STREET,ARLINGTON,VA,W30,813410,22203,IN,,200001,51013,15,NA,NA,125422178,16eofinextract990.dat,201512,23971035,12,0.02824518,W30,W,W,PC,PU,W,PB,O,PU,OT,Y,N,NA,NA,NA,NA,NA,NA,NA,NA,NA,NA,NA,NA,NA,NA,NA,NA,NA,NA,NA,NA,NA,NA,NA,NA,NA,NA,NA,NA,NA,NA,NA,NA,NA,NA,NA,NA,NA,2019
214,541797281,,10,3,201812,189049978,61295687,AIR FORCE AID SOCIETY INC,241 18TH ST S STE 202,ARLINGTON,VA,W30,813410,22202,IN,,199608,51013,15,NA,NA,183252774,16eofinextract990.dat,201512,15606283,12,0.619139987,W30,W,W,PC,PU,W,PB,O,PU,OT,Y,N,NA,NA,NA,NA,NA,NA,NA,NA,NA,NA,NA,NA,NA,NA,NA,NA,NA,NA,NA,NA,NA,NA,NA,NA,NA,NA,NA,NA,NA,NA,NA,NA,NA,NA,NA,NA,NA,2019
215,751973894,,10,3,201812,1554248,1212127,FIRST COMMAND EDUCATIONAL FOUNDATION,1 FIRSTCOMM PLZ,FORT WORTH,TX,B11,813219,76109,IN,,198407,48439,15,NA,NA,1437047,16eofinextract990.dat,201512,897275,12,0.488618991,B11,B,B,PC,ED,B,ZA,S,ED,ED,Y,N,NA,NA,NA,NA,NA,NA,NA,NA,NA,NA,NA,NA,NA,NA,NA,NA,NA,NA,NA,NA,NA,NA,NA,NA,NA,NA,NA,NA,NA,NA,NA,NA,NA,NA,NA,NA,NA,2019
216,812774207,,10,3,201812,53438,51996,SAC FOUNDATION,7148 TOWNE CENTER PKWY,PAPILLION,NE,P51,NA,68046,,,201608,NA,NA,NA,NA,NA,,NA,NA,12,0.560795591,P51,P,P,PC,HU,P,HS,O,HU,HU,Y,N,NA,NA,NA,NA,NA,NA,NA,NA,NA,NA,NA,NA,NA,NA,NA,NA,NA,NA,NA,NA,NA,NA,NA,NA,NA,NA,NA,NA,NA,NA,NA,NA,NA,NA,NA,NA,NA,2019
217,824397332,,10,3,201812,194160,3.00E+05,AMERICAN WARRIOR ASSOCIATION,111 BOLAND ST STE 201,FORT WORTH,TX,P20,NA,76107,,,201812,NA,NA,NA,NA,NA,,NA,NA,12,0.335575008,P20,P,P,PC,HU,P,HS,O,HU,HU,Y,N,NA,NA,NA,NA,NA,NA,NA,NA,NA,NA,NA,NA,NA,NA,NA,NA,NA,NA,NA,NA,NA,NA,NA,NA,NA,NA,NA,NA,NA,NA,NA,NA,NA,NA,NA,NA,NA,2019
218,202370934,,10,3,201809,NA,NA,WOUNDED WARRIOR PROJECT INC,4899 BELFORT RD STE 300,JACKSONVILLE,FL,W30,813410,32256,IN,,200508,12031,15,NA,NA,310997780,16eofinextract990.dat,201509,398698187,9,0.194382401,W30,W,W,PC,PU,W,PB,O,PU,OT,Y,N,NA,NA,NA,NA,NA,NA,NA,NA,NA,NA,NA,NA,NA,NA,NA,NA,NA,NA,NA,NA,NA,NA,NA,NA,NA,NA,NA,NA,NA,NA,NA,NA,NA,NA,NA,NA,NA,2020
219,363274346,,10,3,201812,24956171,10841916,ARMED SERVICES YMCA OF THE USA,14040 CENTRAL LOOP B,WOODBRIDGE,VA,P27,624100,22193,IN,,198701,51059,15,NA,NA,23376577,16eofinextract990.dat,201512,6339163,12,0.46593044,P27,P,P,PC,HU,P,HS,O,HU,HU,Y,N,NA,NA,NA,NA,NA,NA,NA,NA,NA,NA,NA,NA,NA,NA,NA,NA,NA,NA,NA,NA,NA,NA,NA,NA,NA,NA,NA,NA,NA,NA,NA,NA,NA,NA,NA,NA,NA,2020
220,530204618,,10,3,201812,115169946,40169541,NAVY-MARINE CORPS RELIEF SOCIETY,875 N RANDOLPH STREET,ARLINGTON,VA,W30,813410,22203,IN,,200001,51013,15,NA,NA,125422178,16eofinextract990.dat,201512,23971035,12,0.02824518,W30,W,W,PC,PU,W,PB,O,PU,OT,Y,N,NA,NA,NA,NA,NA,NA,NA,NA,NA,NA,NA,NA,NA,NA,NA,NA,NA,NA,NA,NA,NA,NA,NA,NA,NA,NA,NA,NA,NA,NA,NA,NA,NA,NA,NA,NA,NA,2020
221,541797281,,10,3,201812,189049978,61295687,AIR FORCE AID SOCIETY INC,241 18TH ST S STE 202,ARLINGTON,VA,W30,813410,22202,IN,,199608,51013,15,NA,NA,183252774,16eofinextract990.dat,201512,15606283,12,0.619139987,W30,W,W,PC,PU,W,PB,O,PU,OT,Y,N,NA,NA,NA,NA,NA,NA,NA,NA,NA,NA,NA,NA,NA,NA,NA,NA,NA,NA,NA,NA,NA,NA,NA,NA,NA,NA,NA,NA,NA,NA,NA,NA,NA,NA,NA,NA,NA,2020
222,751973894,,10,3,201812,1554248,1212127,FIRST COMMAND EDUCATIONAL FOUNDATION,1 FIRSTCOMM PLZ,FORT WORTH,TX,B11,813219,76109,IN,,198407,48439,15,NA,NA,1437047,16eofinextract990.dat,201512,897275,12,0.488618991,B11,B,B,PC,ED,B,ZA,S,ED,ED,Y,N,NA,NA,NA,NA,NA,NA,NA,NA,NA,NA,NA,NA,NA,NA,NA,NA,NA,NA,NA,NA,NA,NA,NA,NA,NA,NA,NA,NA,NA,NA,NA,NA,NA,NA,NA,NA,NA,2020
223,812774207,,10,3,201812,53438,51996,SAC FOUNDATION,7148 TOWNE CENTER PKWY,PAPILLION,NE,P51,NA,68046,,,201608,NA,NA,NA,NA,NA,,NA,NA,12,0.560795591,P51,P,P,PC,HU,P,HS,O,HU,HU,Y,N,NA,NA,NA,NA,NA,NA,NA,NA,NA,NA,NA,NA,NA,NA,NA,NA,NA,NA,NA,NA,NA,NA,NA,NA,NA,NA,NA,NA,NA,NA,NA,NA,NA,NA,NA,NA,NA,2020
224,824397332,,10,3,201812,194160,3.00E+05,AMERICAN WARRIOR ASSOCIATION,111 BOLAND ST STE 201,FORT WORTH,TX,P20,NA,76107,,,201812,NA,NA,NA,NA,NA,,NA,NA,12,0.335575008,P20,P,P,PC,HU,P,HS,O,HU,HU,Y,N,NA,NA,NA,NA,NA,NA,NA,NA,NA,NA,NA,NA,NA,NA,NA,NA,NA,NA,NA,NA,NA,NA,NA,NA,NA,NA,NA,NA,NA,NA,NA,NA,NA,NA,NA,NA,NA,2020
225,202370934,,10,3,201809,NA,NA,WOUNDED WARRIOR PROJECT INC,4899 BELFORT RD STE 300,JACKSONVILLE,FL,W30,813410,32256,IN,,200508,12031,15,NA,NA,310997780,16eofinextract990.dat,201509,398698187,9,0.194382401,W30,W,W,PC,PU,W,PB,O,PU,OT,Y,N,NA,NA,NA,NA,NA,NA,NA,NA,NA,NA,NA,NA,NA,NA,NA,NA,NA,NA,NA,NA,NA,NA,NA,NA,NA,NA,NA,NA,NA,NA,NA,NA,NA,NA,NA,NA,NA,2021
226,363274346,,10,3,201812,24956171,10841916,ARMED SERVICES YMCA OF THE USA,14040 CENTRAL LOOP B,WOODBRIDGE,VA,P27,624100,22193,IN,,198701,51059,15,NA,NA,23376577,16eofinextract990.dat,201512,6339163,12,0.46593044,P27,P,P,PC,HU,P,HS,O,HU,HU,Y,N,NA,NA,NA,NA,NA,NA,NA,NA,NA,NA,NA,NA,NA,NA,NA,NA,NA,NA,NA,NA,NA,NA,NA,NA,NA,NA,NA,NA,NA,NA,NA,NA,NA,NA,NA,NA,NA,2021
227,530204618,,10,3,201812,115169946,40169541,NAVY-MARINE CORPS RELIEF SOCIETY,875 N RANDOLPH STREET,ARLINGTON,VA,W30,813410,22203,IN,,200001,51013,15,NA,NA,125422178,16eofinextract990.dat,201512,23971035,12,0.02824518,W30,W,W,PC,PU,W,PB,O,PU,OT,Y,N,NA,NA,NA,NA,NA,NA,NA,NA,NA,NA,NA,NA,NA,NA,NA,NA,NA,NA,NA,NA,NA,NA,NA,NA,NA,NA,NA,NA,NA,NA,NA,NA,NA,NA,NA,NA,NA,2021
228,541797281,,10,3,201812,189049978,61295687,AIR FORCE AID SOCIETY INC,241 18TH ST S STE 202,ARLINGTON,VA,W30,813410,22202,IN,,199608,51013,15,NA,NA,183252774,16eofinextract990.dat,201512,15606283,12,0.619139987,W30,W,W,PC,PU,W,PB,O,PU,OT,Y,N,NA,NA,NA,NA,NA,NA,NA,NA,NA,NA,NA,NA,NA,NA,NA,NA,NA,NA,NA,NA,NA,NA,NA,NA,NA,NA,NA,NA,NA,NA,NA,NA,NA,NA,NA,NA,NA,2021
229,751973894,,10,3,201812,1554248,1212127,FIRST COMMAND EDUCATIONAL FOUNDATION,1 FIRSTCOMM PLZ,FORT WORTH,TX,B11,813219,76109,IN,,198407,48439,15,NA,NA,1437047,16eofinextract990.dat,201512,897275,12,0.488618991,B11,B,B,PC,ED,B,ZA,S,ED,ED,Y,N,NA,NA,NA,NA,NA,NA,NA,NA,NA,NA,NA,NA,NA,NA,NA,NA,NA,NA,NA,NA,NA,NA,NA,NA,NA,NA,NA,NA,NA,NA,NA,NA,NA,NA,NA,NA,NA,2021
230,812774207,,10,3,201812,53438,51996,SAC FOUNDATION,7148 TOWNE CENTER PKWY,PAPILLION,NE,P51,NA,68046,,,201608,NA,NA,NA,NA,NA,,NA,NA,12,0.560795591,P51,P,P,PC,HU,P,HS,O,HU,HU,Y,N,NA,NA,NA,NA,NA,NA,NA,NA,NA,NA,NA,NA,NA,NA,NA,NA,NA,NA,NA,NA,NA,NA,NA,NA,NA,NA,NA,NA,NA,NA,NA,NA,NA,NA,NA,NA,NA,2021
231,824397332,,10,3,201812,194160,3.00E+05,AMERICAN WARRIOR ASSOCIATION,111 BOLAND ST STE 201,FORT WORTH,TX,P20,NA,76107,,,201812,NA,NA,NA,NA,NA,,NA,NA,12,0.335575008,P20,P,P,PC,HU,P,HS,O,HU,HU,Y,N,NA,NA,NA,NA,NA,NA,NA,NA,NA,NA,NA,NA,NA,NA,NA,NA,NA,NA,NA,NA,NA,NA,NA,NA,NA,NA,NA,NA,NA,NA,NA,NA,NA,NA,NA,NA,NA,2021
232,202370934,,10,3,201809,NA,NA,WOUNDED WARRIOR PROJECT INC,4899 BELFORT RD STE 300,JACKSONVILLE,FL,W30,813410,32256,IN,,200508,12031,15,NA,NA,310997780,16eofinextract990.dat,201509,398698187,9,0.194382401,W30,W,W,PC,PU,W,PB,O,PU,OT,Y,N,NA,NA,NA,NA,NA,NA,NA,NA,NA,NA,NA,NA,NA,NA,NA,NA,NA,NA,NA,NA,NA,NA,NA,NA,NA,NA,NA,NA,NA,NA,NA,NA,NA,NA,NA,NA,NA,2022
233,363274346,,10,3,201812,24956171,10841916,ARMED SERVICES YMCA OF THE USA,14040 CENTRAL LOOP B,WOODBRIDGE,VA,P27,624100,22193,IN,,198701,51059,15,NA,NA,23376577,16eofinextract990.dat,201512,6339163,12,0.46593044,P27,P,P,PC,HU,P,HS,O,HU,HU,Y,N,NA,NA,NA,NA,NA,NA,NA,NA,NA,NA,NA,NA,NA,NA,NA,NA,NA,NA,NA,NA,NA,NA,NA,NA,NA,NA,NA,NA,NA,NA,NA,NA,NA,NA,NA,NA,NA,2022
234,530204618,,10,3,201812,115169946,40169541,NAVY-MARINE CORPS RELIEF SOCIETY,875 N RANDOLPH STREET,ARLINGTON,VA,W30,813410,22203,IN,,200001,51013,15,NA,NA,125422178,16eofinextract990.dat,201512,23971035,12,0.02824518,W30,W,W,PC,PU,W,PB,O,PU,OT,Y,N,NA,NA,NA,NA,NA,NA,NA,NA,NA,NA,NA,NA,NA,NA,NA,NA,NA,NA,NA,NA,NA,NA,NA,NA,NA,NA,NA,NA,NA,NA,NA,NA,NA,NA,NA,NA,NA,2022
235,541797281,,10,3,201812,189049978,61295687,AIR FORCE AID SOCIETY INC,241 18TH ST S STE 202,ARLINGTON,VA,W30,813410,22202,IN,,199608,51013,15,NA,NA,183252774,16eofinextract990.dat,201512,15606283,12,0.619139987,W30,W,W,PC,PU,W,PB,O,PU,OT,Y,N,NA,NA,NA,NA,NA,NA,NA,NA,NA,NA,NA,NA,NA,NA,NA,NA,NA,NA,NA,NA,NA,NA,NA,NA,NA,NA,NA,NA,NA,NA,NA,NA,NA,NA,NA,NA,NA,2022
236,751973894,,10,3,201812,1554248,1212127,FIRST COMMAND EDUCATIONAL FOUNDATION,1 FIRSTCOMM PLZ,FORT WORTH,TX,B11,813219,76109,IN,,198407,48439,15,NA,NA,1437047,16eofinextract990.dat,201512,897275,12,0.488618991,B11,B,B,PC,ED,B,ZA,S,ED,ED,Y,N,NA,NA,NA,NA,NA,NA,NA,NA,NA,NA,NA,NA,NA,NA,NA,NA,NA,NA,NA,NA,NA,NA,NA,NA,NA,NA,NA,NA,NA,NA,NA,NA,NA,NA,NA,NA,NA,2022
237,812774207,,10,3,201812,53438,51996,SAC FOUNDATION,7148 TOWNE CENTER PKWY,PAPILLION,NE,P51,NA,68046,,,201608,NA,NA,NA,NA,NA,,NA,NA,12,0.560795591,P51,P,P,PC,HU,P,HS,O,HU,HU,Y,N,NA,NA,NA,NA,NA,NA,NA,NA,NA,NA,NA,NA,NA,NA,NA,NA,NA,NA,NA,NA,NA,NA,NA,NA,NA,NA,NA,NA,NA,NA,NA,NA,NA,NA,NA,NA,NA,2022
238,824397332,,10,3,201812,194160,3.00E+05,AMERICAN WARRIOR ASSOCIATION,111 BOLAND ST STE 201,FORT WORTH,TX,P20,NA,76107,,,201812,NA,NA,NA,NA,NA,,NA,NA,12,0.335575008,P20,P,P,PC,HU,P,HS,O,HU,HU,Y,N,NA,NA,NA,NA,NA,NA,NA,NA,NA,NA,NA,NA,NA,NA,NA,NA,NA,NA,NA,NA,NA,NA,NA,NA,NA,NA,NA,NA,NA,NA,NA,NA,NA,NA,NA,NA,NA,2022