"Year","EIN","NTEEFINAL","NTEECC","NTEE1","NAICS","NAME","ADDRESS","CITY","STATE","ZIP5","FIPS","TAXPER","ASSETS","INCOME","CASSETS","RULEDATE","CTAXPER","CTOTREV","ACCPER","LEVEL1","LEVEL2","LEVEL3","LEVEL4","NTMAJ5","NTMAJ10","NTMAJ12","MAJGRPB"
1989,202370934,"W30","W30","W",813410,"WOUNDED WARRIOR PROJECT INC","4899 BELFORT RD STE 300","JACKSONVILLE","FL",32256,12031,201809,NA,NA,310997780,200508,201509,398698187,9,"PC","O","PB","W","OT","PU","PU","W"
1989,363274346,"P27","P27","P",624100,"ARMED SERVICES YMCA OF THE USA","14040 CENTRAL LOOP B","WOODBRIDGE","VA",22193,51059,201812,24956171,10841916,23376577,198701,201512,6339163,12,"PC","O","HS","P","HU","HU","HU","P"
1989,530204618,"W30","W30","W",813410,"NAVY-MARINE CORPS RELIEF SOCIETY","875 N RANDOLPH STREET","ARLINGTON","VA",22203,51013,201812,115169946,40169541,125422178,200001,201512,23971035,12,"PC","O","PB","W","OT","PU","PU","W"
1989,541797281,"W30","W30","W",813410,"AIR FORCE AID SOCIETY INC","241 18TH ST S STE 202","ARLINGTON","VA",22202,51013,201812,189049978,61295687,183252774,199608,201512,15606283,12,"PC","O","PB","W","OT","PU","PU","W"
1989,751973894,"B11","B11","B",813219,"FIRST COMMAND EDUCATIONAL FOUNDATION","1 FIRSTCOMM PLZ","FORT WORTH","TX",76109,48439,201812,1554248,1212127,1437047,198407,201512,897275,12,"PC","S","ZA","B","ED","ED","ED","B"
1989,812774207,"P51","P51","P",NA,"SAC FOUNDATION","7148 TOWNE CENTER PKWY","PAPILLION","NE",68046,NA,201812,53438,51996,NA,201608,NA,NA,12,"PC","O","HS","P","HU","HU","HU","P"
1989,824397332,"P20","P20","P",NA,"AMERICAN WARRIOR ASSOCIATION","111 BOLAND ST STE 201","FORT WORTH","TX",76107,NA,201812,194160,3e+05,NA,201812,NA,NA,12,"PC","O","HS","P","HU","HU","HU","P"
1990,202370934,"W30","W30","W",813410,"WOUNDED WARRIOR PROJECT INC","4899 BELFORT RD STE 300","JACKSONVILLE","FL",32256,12031,201809,NA,NA,310997780,200508,201509,398698187,9,"PC","O","PB","W","OT","PU","PU","W"
1990,363274346,"P27","P27","P",624100,"ARMED SERVICES YMCA OF THE USA","14040 CENTRAL LOOP B","WOODBRIDGE","VA",22193,51059,201812,24956171,10841916,23376577,198701,201512,6339163,12,"PC","O","HS","P","HU","HU","HU","P"
1990,530204618,"W30","W30","W",813410,"NAVY-MARINE CORPS RELIEF SOCIETY","875 N RANDOLPH STREET","ARLINGTON","VA",22203,51013,201812,115169946,40169541,125422178,200001,201512,23971035,12,"PC","O","PB","W","OT","PU","PU","W"
1990,541797281,"W30","W30","W",813410,"AIR FORCE AID SOCIETY INC","241 18TH ST S STE 202","ARLINGTON","VA",22202,51013,201812,189049978,61295687,183252774,199608,201512,15606283,12,"PC","O","PB","W","OT","PU","PU","W"
1990,751973894,"B11","B11","B",813219,"FIRST COMMAND EDUCATIONAL FOUNDATION","1 FIRSTCOMM PLZ","FORT WORTH","TX",76109,48439,201812,1554248,1212127,1437047,198407,201512,897275,12,"PC","S","ZA","B","ED","ED","ED","B"
1990,812774207,"P51","P51","P",NA,"SAC FOUNDATION","7148 TOWNE CENTER PKWY","PAPILLION","NE",68046,NA,201812,53438,51996,NA,201608,NA,NA,12,"PC","O","HS","P","HU","HU","HU","P"
1990,824397332,"P20","P20","P",NA,"AMERICAN WARRIOR ASSOCIATION","111 BOLAND ST STE 201","FORT WORTH","TX",76107,NA,201812,194160,3e+05,NA,201812,NA,NA,12,"PC","O","HS","P","HU","HU","HU","P"
1991,202370934,"W30","W30","W",813410,"WOUNDED WARRIOR PROJECT INC","4899 BELFORT RD STE 300","JACKSONVILLE","FL",32256,12031,201809,NA,NA,310997780,200508,201509,398698187,9,"PC","O","PB","W","OT","PU","PU","W"
1991,363274346,"P27","P27","P",624100,"ARMED SERVICES YMCA OF THE USA","14040 CENTRAL LOOP B","WOODBRIDGE","VA",22193,51059,201812,24956171,10841916,23376577,198701,201512,6339163,12,"PC","O","HS","P","HU","HU","HU","P"
1991,530204618,"W30","W30","W",813410,"NAVY-MARINE CORPS RELIEF SOCIETY","875 N RANDOLPH STREET","ARLINGTON","VA",22203,51013,201812,115169946,40169541,125422178,200001,201512,23971035,12,"PC","O","PB","W","OT","PU","PU","W"
1991,541797281,"W30","W30","W",813410,"AIR FORCE AID SOCIETY INC","241 18TH ST S STE 202","ARLINGTON","VA",22202,51013,201812,189049978,61295687,183252774,199608,201512,15606283,12,"PC","O","PB","W","OT","PU","PU","W"
1991,751973894,"B11","B11","B",813219,"FIRST COMMAND EDUCATIONAL FOUNDATION","1 FIRSTCOMM PLZ","FORT WORTH","TX",76109,48439,201812,1554248,1212127,1437047,198407,201512,897275,12,"PC","S","ZA","B","ED","ED","ED","B"
1991,812774207,"P51","P51","P",NA,"SAC FOUNDATION","7148 TOWNE CENTER PKWY","PAPILLION","NE",68046,NA,201812,53438,51996,NA,201608,NA,NA,12,"PC","O","HS","P","HU","HU","HU","P"
1991,824397332,"P20","P20","P",NA,"AMERICAN WARRIOR ASSOCIATION","111 BOLAND ST STE 201","FORT WORTH","TX",76107,NA,201812,194160,3e+05,NA,201812,NA,NA,12,"PC","O","HS","P","HU","HU","HU","P"
1992,202370934,"W30","W30","W",813410,"WOUNDED WARRIOR PROJECT INC","4899 BELFORT RD STE 300","JACKSONVILLE","FL",32256,12031,201809,NA,NA,310997780,200508,201509,398698187,9,"PC","O","PB","W","OT","PU","PU","W"
1992,363274346,"P27","P27","P",624100,"ARMED SERVICES YMCA OF THE USA","14040 CENTRAL LOOP B","WOODBRIDGE","VA",22193,51059,201812,24956171,10841916,23376577,198701,201512,6339163,12,"PC","O","HS","P","HU","HU","HU","P"
1992,530204618,"W30","W30","W",813410,"NAVY-MARINE CORPS RELIEF SOCIETY","875 N RANDOLPH STREET","ARLINGTON","VA",22203,51013,201812,115169946,40169541,125422178,200001,201512,23971035,12,"PC","O","PB","W","OT","PU","PU","W"
1992,541797281,"W30","W30","W",813410,"AIR FORCE AID SOCIETY INC","241 18TH ST S STE 202","ARLINGTON","VA",22202,51013,201812,189049978,61295687,183252774,199608,201512,15606283,12,"PC","O","PB","W","OT","PU","PU","W"
1992,751973894,"B11","B11","B",813219,"FIRST COMMAND EDUCATIONAL FOUNDATION","1 FIRSTCOMM PLZ","FORT WORTH","TX",76109,48439,201812,1554248,1212127,1437047,198407,201512,897275,12,"PC","S","ZA","B","ED","ED","ED","B"
1992,812774207,"P51","P51","P",NA,"SAC FOUNDATION","7148 TOWNE CENTER PKWY","PAPILLION","NE",68046,NA,201812,53438,51996,NA,201608,NA,NA,12,"PC","O","HS","P","HU","HU","HU","P"
1992,824397332,"P20","P20","P",NA,"AMERICAN WARRIOR ASSOCIATION","111 BOLAND ST STE 201","FORT WORTH","TX",76107,NA,201812,194160,3e+05,NA,201812,NA,NA,12,"PC","O","HS","P","HU","HU","HU","P"
1993,202370934,"W30","W30","W",813410,"WOUNDED WARRIOR PROJECT INC","4899 BELFORT RD STE 300","JACKSONVILLE","FL",32256,12031,201809,NA,NA,310997780,200508,201509,398698187,9,"PC","O","PB","W","OT","PU","PU","W"
1993,363274346,"P27","P27","P",624100,"ARMED SERVICES YMCA OF THE USA","14040 CENTRAL LOOP B","WOODBRIDGE","VA",22193,51059,201812,24956171,10841916,23376577,198701,201512,6339163,12,"PC","O","HS","P","HU","HU","HU","P"
1993,530204618,"W30","W30","W",813410,"NAVY-MARINE CORPS RELIEF SOCIETY","875 N RANDOLPH STREET","ARLINGTON","VA",22203,51013,201812,115169946,40169541,125422178,200001,201512,23971035,12,"PC","O","PB","W","OT","PU","PU","W"
1993,541797281,"W30","W30","W",813410,"AIR FORCE AID SOCIETY INC","241 18TH ST S STE 202","ARLINGTON","VA",22202,51013,201812,189049978,61295687,183252774,199608,201512,15606283,12,"PC","O","PB","W","OT","PU","PU","W"
1993,751973894,"B11","B11","B",813219,"FIRST COMMAND EDUCATIONAL FOUNDATION","1 FIRSTCOMM PLZ","FORT WORTH","TX",76109,48439,201812,1554248,1212127,1437047,198407,201512,897275,12,"PC","S","ZA","B","ED","ED","ED","B"
1993,812774207,"P51","P51","P",NA,"SAC FOUNDATION","7148 TOWNE CENTER PKWY","PAPILLION","NE",68046,NA,201812,53438,51996,NA,201608,NA,NA,12,"PC","O","HS","P","HU","HU","HU","P"
1993,824397332,"P20","P20","P",NA,"AMERICAN WARRIOR ASSOCIATION","111 BOLAND ST STE 201","FORT WORTH","TX",76107,NA,201812,194160,3e+05,NA,201812,NA,NA,12,"PC","O","HS","P","HU","HU","HU","P"
1994,202370934,"W30","W30","W",813410,"WOUNDED WARRIOR PROJECT INC","4899 BELFORT RD STE 300","JACKSONVILLE","FL",32256,12031,201809,NA,NA,310997780,200508,201509,398698187,9,"PC","O","PB","W","OT","PU","PU","W"
1994,363274346,"P27","P27","P",624100,"ARMED SERVICES YMCA OF THE USA","14040 CENTRAL LOOP B","WOODBRIDGE","VA",22193,51059,201812,24956171,10841916,23376577,198701,201512,6339163,12,"PC","O","HS","P","HU","HU","HU","P"
1994,530204618,"W30","W30","W",813410,"NAVY-MARINE CORPS RELIEF SOCIETY","875 N RANDOLPH STREET","ARLINGTON","VA",22203,51013,201812,115169946,40169541,125422178,200001,201512,23971035,12,"PC","O","PB","W","OT","PU","PU","W"
1994,541797281,"W30","W30","W",813410,"AIR FORCE AID SOCIETY INC","241 18TH ST S STE 202","ARLINGTON","VA",22202,51013,201812,189049978,61295687,183252774,199608,201512,15606283,12,"PC","O","PB","W","OT","PU","PU","W"
1994,751973894,"B11","B11","B",813219,"FIRST COMMAND EDUCATIONAL FOUNDATION","1 FIRSTCOMM PLZ","FORT WORTH","TX",76109,48439,201812,1554248,1212127,1437047,198407,201512,897275,12,"PC","S","ZA","B","ED","ED","ED","B"
1994,812774207,"P51","P51","P",NA,"SAC FOUNDATION","7148 TOWNE CENTER PKWY","PAPILLION","NE",68046,NA,201812,53438,51996,NA,201608,NA,NA,12,"PC","O","HS","P","HU","HU","HU","P"
1994,824397332,"P20","P20","P",NA,"AMERICAN WARRIOR ASSOCIATION","111 BOLAND ST STE 201","FORT WORTH","TX",76107,NA,201812,194160,3e+05,NA,201812,NA,NA,12,"PC","O","HS","P","HU","HU","HU","P"
1995,202370934,"W30","W30","W",813410,"WOUNDED WARRIOR PROJECT INC","4899 BELFORT RD STE 300","JACKSONVILLE","FL",32256,12031,201809,NA,NA,310997780,200508,201509,398698187,9,"PC","O","PB","W","OT","PU","PU","W"
1995,363274346,"P27","P27","P",624100,"ARMED SERVICES YMCA OF THE USA","14040 CENTRAL LOOP B","WOODBRIDGE","VA",22193,51059,201812,24956171,10841916,23376577,198701,201512,6339163,12,"PC","O","HS","P","HU","HU","HU","P"
1995,530204618,"W30","W30","W",813410,"NAVY-MARINE CORPS RELIEF SOCIETY","875 N RANDOLPH STREET","ARLINGTON","VA",22203,51013,201812,115169946,40169541,125422178,200001,201512,23971035,12,"PC","O","PB","W","OT","PU","PU","W"
1995,541797281,"W30","W30","W",813410,"AIR FORCE AID SOCIETY INC","241 18TH ST S STE 202","ARLINGTON","VA",22202,51013,201812,189049978,61295687,183252774,199608,201512,15606283,12,"PC","O","PB","W","OT","PU","PU","W"
1995,751973894,"B11","B11","B",813219,"FIRST COMMAND EDUCATIONAL FOUNDATION","1 FIRSTCOMM PLZ","FORT WORTH","TX",76109,48439,201812,1554248,1212127,1437047,198407,201512,897275,12,"PC","S","ZA","B","ED","ED","ED","B"
1995,812774207,"P51","P51","P",NA,"SAC FOUNDATION","7148 TOWNE CENTER PKWY","PAPILLION","NE",68046,NA,201812,53438,51996,NA,201608,NA,NA,12,"PC","O","HS","P","HU","HU","HU","P"
1995,824397332,"P20","P20","P",NA,"AMERICAN WARRIOR ASSOCIATION","111 BOLAND ST STE 201","FORT WORTH","TX",76107,NA,201812,194160,3e+05,NA,201812,NA,NA,12,"PC","O","HS","P","HU","HU","HU","P"
1996,202370934,"W30","W30","W",813410,"WOUNDED WARRIOR PROJECT INC","4899 BELFORT RD STE 300","JACKSONVILLE","FL",32256,12031,201809,NA,NA,310997780,200508,201509,398698187,9,"PC","O","PB","W","OT","PU","PU","W"
1996,363274346,"P27","P27","P",624100,"ARMED SERVICES YMCA OF THE USA","14040 CENTRAL LOOP B","WOODBRIDGE","VA",22193,51059,201812,24956171,10841916,23376577,198701,201512,6339163,12,"PC","O","HS","P","HU","HU","HU","P"
1996,530204618,"W30","W30","W",813410,"NAVY-MARINE CORPS RELIEF SOCIETY","875 N RANDOLPH STREET","ARLINGTON","VA",22203,51013,201812,115169946,40169541,125422178,200001,201512,23971035,12,"PC","O","PB","W","OT","PU","PU","W"
1996,541797281,"W30","W30","W",813410,"AIR FORCE AID SOCIETY INC","241 18TH ST S STE 202","ARLINGTON","VA",22202,51013,201812,189049978,61295687,183252774,199608,201512,15606283,12,"PC","O","PB","W","OT","PU","PU","W"
1996,751973894,"B11","B11","B",813219,"FIRST COMMAND EDUCATIONAL FOUNDATION","1 FIRSTCOMM PLZ","FORT WORTH","TX",76109,48439,201812,1554248,1212127,1437047,198407,201512,897275,12,"PC","S","ZA","B","ED","ED","ED","B"
1996,812774207,"P51","P51","P",NA,"SAC FOUNDATION","7148 TOWNE CENTER PKWY","PAPILLION","NE",68046,NA,201812,53438,51996,NA,201608,NA,NA,12,"PC","O","HS","P","HU","HU","HU","P"
1996,824397332,"P20","P20","P",NA,"AMERICAN WARRIOR ASSOCIATION","111 BOLAND ST STE 201","FORT WORTH","TX",76107,NA,201812,194160,3e+05,NA,201812,NA,NA,12,"PC","O","HS","P","HU","HU","HU","P"
1997,202370934,"W30","W30","W",813410,"WOUNDED WARRIOR PROJECT INC","4899 BELFORT RD STE 300","JACKSONVILLE","FL",32256,12031,201809,NA,NA,310997780,200508,201509,398698187,9,"PC","O","PB","W","OT","PU","PU","W"
1997,363274346,"P27","P27","P",624100,"ARMED SERVICES YMCA OF THE USA","14040 CENTRAL LOOP B","WOODBRIDGE","VA",22193,51059,201812,24956171,10841916,23376577,198701,201512,6339163,12,"PC","O","HS","P","HU","HU","HU","P"
1997,530204618,"W30","W30","W",813410,"NAVY-MARINE CORPS RELIEF SOCIETY","875 N RANDOLPH STREET","ARLINGTON","VA",22203,51013,201812,115169946,40169541,125422178,200001,201512,23971035,12,"PC","O","PB","W","OT","PU","PU","W"
1997,541797281,"W30","W30","W",813410,"AIR FORCE AID SOCIETY INC","241 18TH ST S STE 202","ARLINGTON","VA",22202,51013,201812,189049978,61295687,183252774,199608,201512,15606283,12,"PC","O","PB","W","OT","PU","PU","W"
1997,751973894,"B11","B11","B",813219,"FIRST COMMAND EDUCATIONAL FOUNDATION","1 FIRSTCOMM PLZ","FORT WORTH","TX",76109,48439,201812,1554248,1212127,1437047,198407,201512,897275,12,"PC","S","ZA","B","ED","ED","ED","B"
1997,812774207,"P51","P51","P",NA,"SAC FOUNDATION","7148 TOWNE CENTER PKWY","PAPILLION","NE",68046,NA,201812,53438,51996,NA,201608,NA,NA,12,"PC","O","HS","P","HU","HU","HU","P"
1997,824397332,"P20","P20","P",NA,"AMERICAN WARRIOR ASSOCIATION","111 BOLAND ST STE 201","FORT WORTH","TX",76107,NA,201812,194160,3e+05,NA,201812,NA,NA,12,"PC","O","HS","P","HU","HU","HU","P"
1998,202370934,"W30","W30","W",813410,"WOUNDED WARRIOR PROJECT INC","4899 BELFORT RD STE 300","JACKSONVILLE","FL",32256,12031,201809,NA,NA,310997780,200508,201509,398698187,9,"PC","O","PB","W","OT","PU","PU","W"
1998,363274346,"P27","P27","P",624100,"ARMED SERVICES YMCA OF THE USA","14040 CENTRAL LOOP B","WOODBRIDGE","VA",22193,51059,201812,24956171,10841916,23376577,198701,201512,6339163,12,"PC","O","HS","P","HU","HU","HU","P"
1998,530204618,"W30","W30","W",813410,"NAVY-MARINE CORPS RELIEF SOCIETY","875 N RANDOLPH STREET","ARLINGTON","VA",22203,51013,201812,115169946,40169541,125422178,200001,201512,23971035,12,"PC","O","PB","W","OT","PU","PU","W"
1998,541797281,"W30","W30","W",813410,"AIR FORCE AID SOCIETY INC","241 18TH ST S STE 202","ARLINGTON","VA",22202,51013,201812,189049978,61295687,183252774,199608,201512,15606283,12,"PC","O","PB","W","OT","PU","PU","W"
1998,751973894,"B11","B11","B",813219,"FIRST COMMAND EDUCATIONAL FOUNDATION","1 FIRSTCOMM PLZ","FORT WORTH","TX",76109,48439,201812,1554248,1212127,1437047,198407,201512,897275,12,"PC","S","ZA","B","ED","ED","ED","B"
1998,812774207,"P51","P51","P",NA,"SAC FOUNDATION","7148 TOWNE CENTER PKWY","PAPILLION","NE",68046,NA,201812,53438,51996,NA,201608,NA,NA,12,"PC","O","HS","P","HU","HU","HU","P"
1998,824397332,"P20","P20","P",NA,"AMERICAN WARRIOR ASSOCIATION","111 BOLAND ST STE 201","FORT WORTH","TX",76107,NA,201812,194160,3e+05,NA,201812,NA,NA,12,"PC","O","HS","P","HU","HU","HU","P"
1999,202370934,"W30","W30","W",813410,"WOUNDED WARRIOR PROJECT INC","4899 BELFORT RD STE 300","JACKSONVILLE","FL",32256,12031,201809,NA,NA,310997780,200508,201509,398698187,9,"PC","O","PB","W","OT","PU","PU","W"
1999,363274346,"P27","P27","P",624100,"ARMED SERVICES YMCA OF THE USA","14040 CENTRAL LOOP B","WOODBRIDGE","VA",22193,51059,201812,24956171,10841916,23376577,198701,201512,6339163,12,"PC","O","HS","P","HU","HU","HU","P"
1999,530204618,"W30","W30","W",813410,"NAVY-MARINE CORPS RELIEF SOCIETY","875 N RANDOLPH STREET","ARLINGTON","VA",22203,51013,201812,115169946,40169541,125422178,200001,201512,23971035,12,"PC","O","PB","W","OT","PU","PU","W"
1999,541797281,"W30","W30","W",813410,"AIR FORCE AID SOCIETY INC","241 18TH ST S STE 202","ARLINGTON","VA",22202,51013,201812,189049978,61295687,183252774,199608,201512,15606283,12,"PC","O","PB","W","OT","PU","PU","W"
1999,751973894,"B11","B11","B",813219,"FIRST COMMAND EDUCATIONAL FOUNDATION","1 FIRSTCOMM PLZ","FORT WORTH","TX",76109,48439,201812,1554248,1212127,1437047,198407,201512,897275,12,"PC","S","ZA","B","ED","ED","ED","B"
1999,812774207,"P51","P51","P",NA,"SAC FOUNDATION","7148 TOWNE CENTER PKWY","PAPILLION","NE",68046,NA,201812,53438,51996,NA,201608,NA,NA,12,"PC","O","HS","P","HU","HU","HU","P"
1999,824397332,"P20","P20","P",NA,"AMERICAN WARRIOR ASSOCIATION","111 BOLAND ST STE 201","FORT WORTH","TX",76107,NA,201812,194160,3e+05,NA,201812,NA,NA,12,"PC","O","HS","P","HU","HU","HU","P"
2000,202370934,"W30","W30","W",813410,"WOUNDED WARRIOR PROJECT INC","4899 BELFORT RD STE 300","JACKSONVILLE","FL",32256,12031,201809,NA,NA,310997780,200508,201509,398698187,9,"PC","O","PB","W","OT","PU","PU","W"
2000,363274346,"P27","P27","P",624100,"ARMED SERVICES YMCA OF THE USA","14040 CENTRAL LOOP B","WOODBRIDGE","VA",22193,51059,201812,24956171,10841916,23376577,198701,201512,6339163,12,"PC","O","HS","P","HU","HU","HU","P"
2000,530204618,"W30","W30","W",813410,"NAVY-MARINE CORPS RELIEF SOCIETY","875 N RANDOLPH STREET","ARLINGTON","VA",22203,51013,201812,115169946,40169541,125422178,200001,201512,23971035,12,"PC","O","PB","W","OT","PU","PU","W"
2000,541797281,"W30","W30","W",813410,"AIR FORCE AID SOCIETY INC","241 18TH ST S STE 202","ARLINGTON","VA",22202,51013,201812,189049978,61295687,183252774,199608,201512,15606283,12,"PC","O","PB","W","OT","PU","PU","W"
2000,751973894,"B11","B11","B",813219,"FIRST COMMAND EDUCATIONAL FOUNDATION","1 FIRSTCOMM PLZ","FORT WORTH","TX",76109,48439,201812,1554248,1212127,1437047,198407,201512,897275,12,"PC","S","ZA","B","ED","ED","ED","B"
2000,812774207,"P51","P51","P",NA,"SAC FOUNDATION","7148 TOWNE CENTER PKWY","PAPILLION","NE",68046,NA,201812,53438,51996,NA,201608,NA,NA,12,"PC","O","HS","P","HU","HU","HU","P"
2000,824397332,"P20","P20","P",NA,"AMERICAN WARRIOR ASSOCIATION","111 BOLAND ST STE 201","FORT WORTH","TX",76107,NA,201812,194160,3e+05,NA,201812,NA,NA,12,"PC","O","HS","P","HU","HU","HU","P"
2001,202370934,"W30","W30","W",813410,"WOUNDED WARRIOR PROJECT INC","4899 BELFORT RD STE 300","JACKSONVILLE","FL",32256,12031,201809,NA,NA,310997780,200508,201509,398698187,9,"PC","O","PB","W","OT","PU","PU","W"
2001,363274346,"P27","P27","P",624100,"ARMED SERVICES YMCA OF THE USA","14040 CENTRAL LOOP B","WOODBRIDGE","VA",22193,51059,201812,24956171,10841916,23376577,198701,201512,6339163,12,"PC","O","HS","P","HU","HU","HU","P"
2001,530204618,"W30","W30","W",813410,"NAVY-MARINE CORPS RELIEF SOCIETY","875 N RANDOLPH STREET","ARLINGTON","VA",22203,51013,201812,115169946,40169541,125422178,200001,201512,23971035,12,"PC","O","PB","W","OT","PU","PU","W"
2001,541797281,"W30","W30","W",813410,"AIR FORCE AID SOCIETY INC","241 18TH ST S STE 202","ARLINGTON","VA",22202,51013,201812,189049978,61295687,183252774,199608,201512,15606283,12,"PC","O","PB","W","OT","PU","PU","W"
2001,751973894,"B11","B11","B",813219,"FIRST COMMAND EDUCATIONAL FOUNDATION","1 FIRSTCOMM PLZ","FORT WORTH","TX",76109,48439,201812,1554248,1212127,1437047,198407,201512,897275,12,"PC","S","ZA","B","ED","ED","ED","B"
2001,812774207,"P51","P51","P",NA,"SAC FOUNDATION","7148 TOWNE CENTER PKWY","PAPILLION","NE",68046,NA,201812,53438,51996,NA,201608,NA,NA,12,"PC","O","HS","P","HU","HU","HU","P"
2001,824397332,"P20","P20","P",NA,"AMERICAN WARRIOR ASSOCIATION","111 BOLAND ST STE 201","FORT WORTH","TX",76107,NA,201812,194160,3e+05,NA,201812,NA,NA,12,"PC","O","HS","P","HU","HU","HU","P"
2002,202370934,"W30","W30","W",813410,"WOUNDED WARRIOR PROJECT INC","4899 BELFORT RD STE 300","JACKSONVILLE","FL",32256,12031,201809,NA,NA,310997780,200508,201509,398698187,9,"PC","O","PB","W","OT","PU","PU","W"
2002,363274346,"P27","P27","P",624100,"ARMED SERVICES YMCA OF THE USA","14040 CENTRAL LOOP B","WOODBRIDGE","VA",22193,51059,201812,24956171,10841916,23376577,198701,201512,6339163,12,"PC","O","HS","P","HU","HU","HU","P"
2002,530204618,"W30","W30","W",813410,"NAVY-MARINE CORPS RELIEF SOCIETY","875 N RANDOLPH STREET","ARLINGTON","VA",22203,51013,201812,115169946,40169541,125422178,200001,201512,23971035,12,"PC","O","PB","W","OT","PU","PU","W"
2002,541797281,"W30","W30","W",813410,"AIR FORCE AID SOCIETY INC","241 18TH ST S STE 202","ARLINGTON","VA",22202,51013,201812,189049978,61295687,183252774,199608,201512,15606283,12,"PC","O","PB","W","OT","PU","PU","W"
2002,751973894,"B11","B11","B",813219,"FIRST COMMAND EDUCATIONAL FOUNDATION","1 FIRSTCOMM PLZ","FORT WORTH","TX",76109,48439,201812,1554248,1212127,1437047,198407,201512,897275,12,"PC","S","ZA","B","ED","ED","ED","B"
2002,812774207,"P51","P51","P",NA,"SAC FOUNDATION","7148 TOWNE CENTER PKWY","PAPILLION","NE",68046,NA,201812,53438,51996,NA,201608,NA,NA,12,"PC","O","HS","P","HU","HU","HU","P"
2002,824397332,"P20","P20","P",NA,"AMERICAN WARRIOR ASSOCIATION","111 BOLAND ST STE 201","FORT WORTH","TX",76107,NA,201812,194160,3e+05,NA,201812,NA,NA,12,"PC","O","HS","P","HU","HU","HU","P"
2003,202370934,"W30","W30","W",813410,"WOUNDED WARRIOR PROJECT INC","4899 BELFORT RD STE 300","JACKSONVILLE","FL",32256,12031,201809,NA,NA,310997780,200508,201509,398698187,9,"PC","O","PB","W","OT","PU","PU","W"
2003,363274346,"P27","P27","P",624100,"ARMED SERVICES YMCA OF THE USA","14040 CENTRAL LOOP B","WOODBRIDGE","VA",22193,51059,201812,24956171,10841916,23376577,198701,201512,6339163,12,"PC","O","HS","P","HU","HU","HU","P"
2003,530204618,"W30","W30","W",813410,"NAVY-MARINE CORPS RELIEF SOCIETY","875 N RANDOLPH STREET","ARLINGTON","VA",22203,51013,201812,115169946,40169541,125422178,200001,201512,23971035,12,"PC","O","PB","W","OT","PU","PU","W"
2003,541797281,"W30","W30","W",813410,"AIR FORCE AID SOCIETY INC","241 18TH ST S STE 202","ARLINGTON","VA",22202,51013,201812,189049978,61295687,183252774,199608,201512,15606283,12,"PC","O","PB","W","OT","PU","PU","W"
2003,751973894,"B11","B11","B",813219,"FIRST COMMAND EDUCATIONAL FOUNDATION","1 FIRSTCOMM PLZ","FORT WORTH","TX",76109,48439,201812,1554248,1212127,1437047,198407,201512,897275,12,"PC","S","ZA","B","ED","ED","ED","B"
2003,812774207,"P51","P51","P",NA,"SAC FOUNDATION","7148 TOWNE CENTER PKWY","PAPILLION","NE",68046,NA,201812,53438,51996,NA,201608,NA,NA,12,"PC","O","HS","P","HU","HU","HU","P"
2003,824397332,"P20","P20","P",NA,"AMERICAN WARRIOR ASSOCIATION","111 BOLAND ST STE 201","FORT WORTH","TX",76107,NA,201812,194160,3e+05,NA,201812,NA,NA,12,"PC","O","HS","P","HU","HU","HU","P"
2004,202370934,"W30","W30","W",813410,"WOUNDED WARRIOR PROJECT INC","4899 BELFORT RD STE 300","JACKSONVILLE","FL",32256,12031,201809,NA,NA,310997780,200508,201509,398698187,9,"PC","O","PB","W","OT","PU","PU","W"
2004,363274346,"P27","P27","P",624100,"ARMED SERVICES YMCA OF THE USA","14040 CENTRAL LOOP B","WOODBRIDGE","VA",22193,51059,201812,24956171,10841916,23376577,198701,201512,6339163,12,"PC","O","HS","P","HU","HU","HU","P"
2004,530204618,"W30","W30","W",813410,"NAVY-MARINE CORPS RELIEF SOCIETY","875 N RANDOLPH STREET","ARLINGTON","VA",22203,51013,201812,115169946,40169541,125422178,200001,201512,23971035,12,"PC","O","PB","W","OT","PU","PU","W"
2004,541797281,"W30","W30","W",813410,"AIR FORCE AID SOCIETY INC","241 18TH ST S STE 202","ARLINGTON","VA",22202,51013,201812,189049978,61295687,183252774,199608,201512,15606283,12,"PC","O","PB","W","OT","PU","PU","W"
2004,751973894,"B11","B11","B",813219,"FIRST COMMAND EDUCATIONAL FOUNDATION","1 FIRSTCOMM PLZ","FORT WORTH","TX",76109,48439,201812,1554248,1212127,1437047,198407,201512,897275,12,"PC","S","ZA","B","ED","ED","ED","B"
2004,812774207,"P51","P51","P",NA,"SAC FOUNDATION","7148 TOWNE CENTER PKWY","PAPILLION","NE",68046,NA,201812,53438,51996,NA,201608,NA,NA,12,"PC","O","HS","P","HU","HU","HU","P"
2004,824397332,"P20","P20","P",NA,"AMERICAN WARRIOR ASSOCIATION","111 BOLAND ST STE 201","FORT WORTH","TX",76107,NA,201812,194160,3e+05,NA,201812,NA,NA,12,"PC","O","HS","P","HU","HU","HU","P"
2005,202370934,"W30","W30","W",813410,"WOUNDED WARRIOR PROJECT INC","4899 BELFORT RD STE 300","JACKSONVILLE","FL",32256,12031,201809,NA,NA,310997780,200508,201509,398698187,9,"PC","O","PB","W","OT","PU","PU","W"
2005,363274346,"P27","P27","P",624100,"ARMED SERVICES YMCA OF THE USA","14040 CENTRAL LOOP B","WOODBRIDGE","VA",22193,51059,201812,24956171,10841916,23376577,198701,201512,6339163,12,"PC","O","HS","P","HU","HU","HU","P"
2005,530204618,"W30","W30","W",813410,"NAVY-MARINE CORPS RELIEF SOCIETY","875 N RANDOLPH STREET","ARLINGTON","VA",22203,51013,201812,115169946,40169541,125422178,200001,201512,23971035,12,"PC","O","PB","W","OT","PU","PU","W"
2005,541797281,"W30","W30","W",813410,"AIR FORCE AID SOCIETY INC","241 18TH ST S STE 202","ARLINGTON","VA",22202,51013,201812,189049978,61295687,183252774,199608,201512,15606283,12,"PC","O","PB","W","OT","PU","PU","W"
2005,751973894,"B11","B11","B",813219,"FIRST COMMAND EDUCATIONAL FOUNDATION","1 FIRSTCOMM PLZ","FORT WORTH","TX",76109,48439,201812,1554248,1212127,1437047,198407,201512,897275,12,"PC","S","ZA","B","ED","ED","ED","B"
2005,812774207,"P51","P51","P",NA,"SAC FOUNDATION","7148 TOWNE CENTER PKWY","PAPILLION","NE",68046,NA,201812,53438,51996,NA,201608,NA,NA,12,"PC","O","HS","P","HU","HU","HU","P"
2005,824397332,"P20","P20","P",NA,"AMERICAN WARRIOR ASSOCIATION","111 BOLAND ST STE 201","FORT WORTH","TX",76107,NA,201812,194160,3e+05,NA,201812,NA,NA,12,"PC","O","HS","P","HU","HU","HU","P"
2006,202370934,"W30","W30","W",813410,"WOUNDED WARRIOR PROJECT INC","4899 BELFORT RD STE 300","JACKSONVILLE","FL",32256,12031,201809,NA,NA,310997780,200508,201509,398698187,9,"PC","O","PB","W","OT","PU","PU","W"
2006,363274346,"P27","P27","P",624100,"ARMED SERVICES YMCA OF THE USA","14040 CENTRAL LOOP B","WOODBRIDGE","VA",22193,51059,201812,24956171,10841916,23376577,198701,201512,6339163,12,"PC","O","HS","P","HU","HU","HU","P"
2006,530204618,"W30","W30","W",813410,"NAVY-MARINE CORPS RELIEF SOCIETY","875 N RANDOLPH STREET","ARLINGTON","VA",22203,51013,201812,115169946,40169541,125422178,200001,201512,23971035,12,"PC","O","PB","W","OT","PU","PU","W"
2006,541797281,"W30","W30","W",813410,"AIR FORCE AID SOCIETY INC","241 18TH ST S STE 202","ARLINGTON","VA",22202,51013,201812,189049978,61295687,183252774,199608,201512,15606283,12,"PC","O","PB","W","OT","PU","PU","W"
2006,751973894,"B11","B11","B",813219,"FIRST COMMAND EDUCATIONAL FOUNDATION","1 FIRSTCOMM PLZ","FORT WORTH","TX",76109,48439,201812,1554248,1212127,1437047,198407,201512,897275,12,"PC","S","ZA","B","ED","ED","ED","B"
2006,812774207,"P51","P51","P",NA,"SAC FOUNDATION","7148 TOWNE CENTER PKWY","PAPILLION","NE",68046,NA,201812,53438,51996,NA,201608,NA,NA,12,"PC","O","HS","P","HU","HU","HU","P"
2006,824397332,"P20","P20","P",NA,"AMERICAN WARRIOR ASSOCIATION","111 BOLAND ST STE 201","FORT WORTH","TX",76107,NA,201812,194160,3e+05,NA,201812,NA,NA,12,"PC","O","HS","P","HU","HU","HU","P"
2007,202370934,"W30","W30","W",813410,"WOUNDED WARRIOR PROJECT INC","4899 BELFORT RD STE 300","JACKSONVILLE","FL",32256,12031,201809,NA,NA,310997780,200508,201509,398698187,9,"PC","O","PB","W","OT","PU","PU","W"
2007,363274346,"P27","P27","P",624100,"ARMED SERVICES YMCA OF THE USA","14040 CENTRAL LOOP B","WOODBRIDGE","VA",22193,51059,201812,24956171,10841916,23376577,198701,201512,6339163,12,"PC","O","HS","P","HU","HU","HU","P"
2007,530204618,"W30","W30","W",813410,"NAVY-MARINE CORPS RELIEF SOCIETY","875 N RANDOLPH STREET","ARLINGTON","VA",22203,51013,201812,115169946,40169541,125422178,200001,201512,23971035,12,"PC","O","PB","W","OT","PU","PU","W"
2007,541797281,"W30","W30","W",813410,"AIR FORCE AID SOCIETY INC","241 18TH ST S STE 202","ARLINGTON","VA",22202,51013,201812,189049978,61295687,183252774,199608,201512,15606283,12,"PC","O","PB","W","OT","PU","PU","W"
2007,751973894,"B11","B11","B",813219,"FIRST COMMAND EDUCATIONAL FOUNDATION","1 FIRSTCOMM PLZ","FORT WORTH","TX",76109,48439,201812,1554248,1212127,1437047,198407,201512,897275,12,"PC","S","ZA","B","ED","ED","ED","B"
2007,812774207,"P51","P51","P",NA,"SAC FOUNDATION","7148 TOWNE CENTER PKWY","PAPILLION","NE",68046,NA,201812,53438,51996,NA,201608,NA,NA,12,"PC","O","HS","P","HU","HU","HU","P"
2007,824397332,"P20","P20","P",NA,"AMERICAN WARRIOR ASSOCIATION","111 BOLAND ST STE 201","FORT WORTH","TX",76107,NA,201812,194160,3e+05,NA,201812,NA,NA,12,"PC","O","HS","P","HU","HU","HU","P"
2008,202370934,"W30","W30","W",813410,"WOUNDED WARRIOR PROJECT INC","4899 BELFORT RD STE 300","JACKSONVILLE","FL",32256,12031,201809,NA,NA,310997780,200508,201509,398698187,9,"PC","O","PB","W","OT","PU","PU","W"
2008,363274346,"P27","P27","P",624100,"ARMED SERVICES YMCA OF THE USA","14040 CENTRAL LOOP B","WOODBRIDGE","VA",22193,51059,201812,24956171,10841916,23376577,198701,201512,6339163,12,"PC","O","HS","P","HU","HU","HU","P"
2008,530204618,"W30","W30","W",813410,"NAVY-MARINE CORPS RELIEF SOCIETY","875 N RANDOLPH STREET","ARLINGTON","VA",22203,51013,201812,115169946,40169541,125422178,200001,201512,23971035,12,"PC","O","PB","W","OT","PU","PU","W"
2008,541797281,"W30","W30","W",813410,"AIR FORCE AID SOCIETY INC","241 18TH ST S STE 202","ARLINGTON","VA",22202,51013,201812,189049978,61295687,183252774,199608,201512,15606283,12,"PC","O","PB","W","OT","PU","PU","W"
2008,751973894,"B11","B11","B",813219,"FIRST COMMAND EDUCATIONAL FOUNDATION","1 FIRSTCOMM PLZ","FORT WORTH","TX",76109,48439,201812,1554248,1212127,1437047,198407,201512,897275,12,"PC","S","ZA","B","ED","ED","ED","B"
2008,812774207,"P51","P51","P",NA,"SAC FOUNDATION","7148 TOWNE CENTER PKWY","PAPILLION","NE",68046,NA,201812,53438,51996,NA,201608,NA,NA,12,"PC","O","HS","P","HU","HU","HU","P"
2008,824397332,"P20","P20","P",NA,"AMERICAN WARRIOR ASSOCIATION","111 BOLAND ST STE 201","FORT WORTH","TX",76107,NA,201812,194160,3e+05,NA,201812,NA,NA,12,"PC","O","HS","P","HU","HU","HU","P"
2009,202370934,"W30","W30","W",813410,"WOUNDED WARRIOR PROJECT INC","4899 BELFORT RD STE 300","JACKSONVILLE","FL",32256,12031,201809,NA,NA,310997780,200508,201509,398698187,9,"PC","O","PB","W","OT","PU","PU","W"
2009,363274346,"P27","P27","P",624100,"ARMED SERVICES YMCA OF THE USA","14040 CENTRAL LOOP B","WOODBRIDGE","VA",22193,51059,201812,24956171,10841916,23376577,198701,201512,6339163,12,"PC","O","HS","P","HU","HU","HU","P"
2009,530204618,"W30","W30","W",813410,"NAVY-MARINE CORPS RELIEF SOCIETY","875 N RANDOLPH STREET","ARLINGTON","VA",22203,51013,201812,115169946,40169541,125422178,200001,201512,23971035,12,"PC","O","PB","W","OT","PU","PU","W"
2009,541797281,"W30","W30","W",813410,"AIR FORCE AID SOCIETY INC","241 18TH ST S STE 202","ARLINGTON","VA",22202,51013,201812,189049978,61295687,183252774,199608,201512,15606283,12,"PC","O","PB","W","OT","PU","PU","W"
2009,751973894,"B11","B11","B",813219,"FIRST COMMAND EDUCATIONAL FOUNDATION","1 FIRSTCOMM PLZ","FORT WORTH","TX",76109,48439,201812,1554248,1212127,1437047,198407,201512,897275,12,"PC","S","ZA","B","ED","ED","ED","B"
2009,812774207,"P51","P51","P",NA,"SAC FOUNDATION","7148 TOWNE CENTER PKWY","PAPILLION","NE",68046,NA,201812,53438,51996,NA,201608,NA,NA,12,"PC","O","HS","P","HU","HU","HU","P"
2009,824397332,"P20","P20","P",NA,"AMERICAN WARRIOR ASSOCIATION","111 BOLAND ST STE 201","FORT WORTH","TX",76107,NA,201812,194160,3e+05,NA,201812,NA,NA,12,"PC","O","HS","P","HU","HU","HU","P"
2010,202370934,"W30","W30","W",813410,"WOUNDED WARRIOR PROJECT INC","4899 BELFORT RD STE 300","JACKSONVILLE","FL",32256,12031,201809,NA,NA,310997780,200508,201509,398698187,9,"PC","O","PB","W","OT","PU","PU","W"
2010,363274346,"P27","P27","P",624100,"ARMED SERVICES YMCA OF THE USA","14040 CENTRAL LOOP B","WOODBRIDGE","VA",22193,51059,201812,24956171,10841916,23376577,198701,201512,6339163,12,"PC","O","HS","P","HU","HU","HU","P"
2010,530204618,"W30","W30","W",813410,"NAVY-MARINE CORPS RELIEF SOCIETY","875 N RANDOLPH STREET","ARLINGTON","VA",22203,51013,201812,115169946,40169541,125422178,200001,201512,23971035,12,"PC","O","PB","W","OT","PU","PU","W"
2010,541797281,"W30","W30","W",813410,"AIR FORCE AID SOCIETY INC","241 18TH ST S STE 202","ARLINGTON","VA",22202,51013,201812,189049978,61295687,183252774,199608,201512,15606283,12,"PC","O","PB","W","OT","PU","PU","W"
2010,751973894,"B11","B11","B",813219,"FIRST COMMAND EDUCATIONAL FOUNDATION","1 FIRSTCOMM PLZ","FORT WORTH","TX",76109,48439,201812,1554248,1212127,1437047,198407,201512,897275,12,"PC","S","ZA","B","ED","ED","ED","B"
2010,812774207,"P51","P51","P",NA,"SAC FOUNDATION","7148 TOWNE CENTER PKWY","PAPILLION","NE",68046,NA,201812,53438,51996,NA,201608,NA,NA,12,"PC","O","HS","P","HU","HU","HU","P"
2010,824397332,"P20","P20","P",NA,"AMERICAN WARRIOR ASSOCIATION","111 BOLAND ST STE 201","FORT WORTH","TX",76107,NA,201812,194160,3e+05,NA,201812,NA,NA,12,"PC","O","HS","P","HU","HU","HU","P"
2011,202370934,"W30","W30","W",813410,"WOUNDED WARRIOR PROJECT INC","4899 BELFORT RD STE 300","JACKSONVILLE","FL",32256,12031,201809,NA,NA,310997780,200508,201509,398698187,9,"PC","O","PB","W","OT","PU","PU","W"
2011,363274346,"P27","P27","P",624100,"ARMED SERVICES YMCA OF THE USA","14040 CENTRAL LOOP B","WOODBRIDGE","VA",22193,51059,201812,24956171,10841916,23376577,198701,201512,6339163,12,"PC","O","HS","P","HU","HU","HU","P"
2011,530204618,"W30","W30","W",813410,"NAVY-MARINE CORPS RELIEF SOCIETY","875 N RANDOLPH STREET","ARLINGTON","VA",22203,51013,201812,115169946,40169541,125422178,200001,201512,23971035,12,"PC","O","PB","W","OT","PU","PU","W"
2011,541797281,"W30","W30","W",813410,"AIR FORCE AID SOCIETY INC","241 18TH ST S STE 202","ARLINGTON","VA",22202,51013,201812,189049978,61295687,183252774,199608,201512,15606283,12,"PC","O","PB","W","OT","PU","PU","W"
2011,751973894,"B11","B11","B",813219,"FIRST COMMAND EDUCATIONAL FOUNDATION","1 FIRSTCOMM PLZ","FORT WORTH","TX",76109,48439,201812,1554248,1212127,1437047,198407,201512,897275,12,"PC","S","ZA","B","ED","ED","ED","B"
2011,812774207,"P51","P51","P",NA,"SAC FOUNDATION","7148 TOWNE CENTER PKWY","PAPILLION","NE",68046,NA,201812,53438,51996,NA,201608,NA,NA,12,"PC","O","HS","P","HU","HU","HU","P"
2011,824397332,"P20","P20","P",NA,"AMERICAN WARRIOR ASSOCIATION","111 BOLAND ST STE 201","FORT WORTH","TX",76107,NA,201812,194160,3e+05,NA,201812,NA,NA,12,"PC","O","HS","P","HU","HU","HU","P"
2012,202370934,"W30","W30","W",813410,"WOUNDED WARRIOR PROJECT INC","4899 BELFORT RD STE 300","JACKSONVILLE","FL",32256,12031,201809,NA,NA,310997780,200508,201509,398698187,9,"PC","O","PB","W","OT","PU","PU","W"
2012,363274346,"P27","P27","P",624100,"ARMED SERVICES YMCA OF THE USA","14040 CENTRAL LOOP B","WOODBRIDGE","VA",22193,51059,201812,24956171,10841916,23376577,198701,201512,6339163,12,"PC","O","HS","P","HU","HU","HU","P"
2012,530204618,"W30","W30","W",813410,"NAVY-MARINE CORPS RELIEF SOCIETY","875 N RANDOLPH STREET","ARLINGTON","VA",22203,51013,201812,115169946,40169541,125422178,200001,201512,23971035,12,"PC","O","PB","W","OT","PU","PU","W"
2012,541797281,"W30","W30","W",813410,"AIR FORCE AID SOCIETY INC","241 18TH ST S STE 202","ARLINGTON","VA",22202,51013,201812,189049978,61295687,183252774,199608,201512,15606283,12,"PC","O","PB","W","OT","PU","PU","W"
2012,751973894,"B11","B11","B",813219,"FIRST COMMAND EDUCATIONAL FOUNDATION","1 FIRSTCOMM PLZ","FORT WORTH","TX",76109,48439,201812,1554248,1212127,1437047,198407,201512,897275,12,"PC","S","ZA","B","ED","ED","ED","B"
2012,812774207,"P51","P51","P",NA,"SAC FOUNDATION","7148 TOWNE CENTER PKWY","PAPILLION","NE",68046,NA,201812,53438,51996,NA,201608,NA,NA,12,"PC","O","HS","P","HU","HU","HU","P"
2012,824397332,"P20","P20","P",NA,"AMERICAN WARRIOR ASSOCIATION","111 BOLAND ST STE 201","FORT WORTH","TX",76107,NA,201812,194160,3e+05,NA,201812,NA,NA,12,"PC","O","HS","P","HU","HU","HU","P"
2013,202370934,"W30","W30","W",813410,"WOUNDED WARRIOR PROJECT INC","4899 BELFORT RD STE 300","JACKSONVILLE","FL",32256,12031,201809,NA,NA,310997780,200508,201509,398698187,9,"PC","O","PB","W","OT","PU","PU","W"
2013,363274346,"P27","P27","P",624100,"ARMED SERVICES YMCA OF THE USA","14040 CENTRAL LOOP B","WOODBRIDGE","VA",22193,51059,201812,24956171,10841916,23376577,198701,201512,6339163,12,"PC","O","HS","P","HU","HU","HU","P"
2013,530204618,"W30","W30","W",813410,"NAVY-MARINE CORPS RELIEF SOCIETY","875 N RANDOLPH STREET","ARLINGTON","VA",22203,51013,201812,115169946,40169541,125422178,200001,201512,23971035,12,"PC","O","PB","W","OT","PU","PU","W"
2013,541797281,"W30","W30","W",813410,"AIR FORCE AID SOCIETY INC","241 18TH ST S STE 202","ARLINGTON","VA",22202,51013,201812,189049978,61295687,183252774,199608,201512,15606283,12,"PC","O","PB","W","OT","PU","PU","W"
2013,751973894,"B11","B11","B",813219,"FIRST COMMAND EDUCATIONAL FOUNDATION","1 FIRSTCOMM PLZ","FORT WORTH","TX",76109,48439,201812,1554248,1212127,1437047,198407,201512,897275,12,"PC","S","ZA","B","ED","ED","ED","B"
2013,812774207,"P51","P51","P",NA,"SAC FOUNDATION","7148 TOWNE CENTER PKWY","PAPILLION","NE",68046,NA,201812,53438,51996,NA,201608,NA,NA,12,"PC","O","HS","P","HU","HU","HU","P"
2013,824397332,"P20","P20","P",NA,"AMERICAN WARRIOR ASSOCIATION","111 BOLAND ST STE 201","FORT WORTH","TX",76107,NA,201812,194160,3e+05,NA,201812,NA,NA,12,"PC","O","HS","P","HU","HU","HU","P"
2014,202370934,"W30","W30","W",813410,"WOUNDED WARRIOR PROJECT INC","4899 BELFORT RD STE 300","JACKSONVILLE","FL",32256,12031,201809,NA,NA,310997780,200508,201509,398698187,9,"PC","O","PB","W","OT","PU","PU","W"
2014,363274346,"P27","P27","P",624100,"ARMED SERVICES YMCA OF THE USA","14040 CENTRAL LOOP B","WOODBRIDGE","VA",22193,51059,201812,24956171,10841916,23376577,198701,201512,6339163,12,"PC","O","HS","P","HU","HU","HU","P"
2014,530204618,"W30","W30","W",813410,"NAVY-MARINE CORPS RELIEF SOCIETY","875 N RANDOLPH STREET","ARLINGTON","VA",22203,51013,201812,115169946,40169541,125422178,200001,201512,23971035,12,"PC","O","PB","W","OT","PU","PU","W"
2014,541797281,"W30","W30","W",813410,"AIR FORCE AID SOCIETY INC","241 18TH ST S STE 202","ARLINGTON","VA",22202,51013,201812,189049978,61295687,183252774,199608,201512,15606283,12,"PC","O","PB","W","OT","PU","PU","W"
2014,751973894,"B11","B11","B",813219,"FIRST COMMAND EDUCATIONAL FOUNDATION","1 FIRSTCOMM PLZ","FORT WORTH","TX",76109,48439,201812,1554248,1212127,1437047,198407,201512,897275,12,"PC","S","ZA","B","ED","ED","ED","B"
2014,812774207,"P51","P51","P",NA,"SAC FOUNDATION","7148 TOWNE CENTER PKWY","PAPILLION","NE",68046,NA,201812,53438,51996,NA,201608,NA,NA,12,"PC","O","HS","P","HU","HU","HU","P"
2014,824397332,"P20","P20","P",NA,"AMERICAN WARRIOR ASSOCIATION","111 BOLAND ST STE 201","FORT WORTH","TX",76107,NA,201812,194160,3e+05,NA,201812,NA,NA,12,"PC","O","HS","P","HU","HU","HU","P"
2015,202370934,"W30","W30","W",813410,"WOUNDED WARRIOR PROJECT INC","4899 BELFORT RD STE 300","JACKSONVILLE","FL",32256,12031,201809,NA,NA,310997780,200508,201509,398698187,9,"PC","O","PB","W","OT","PU","PU","W"
2015,363274346,"P27","P27","P",624100,"ARMED SERVICES YMCA OF THE USA","14040 CENTRAL LOOP B","WOODBRIDGE","VA",22193,51059,201812,24956171,10841916,23376577,198701,201512,6339163,12,"PC","O","HS","P","HU","HU","HU","P"
2015,530204618,"W30","W30","W",813410,"NAVY-MARINE CORPS RELIEF SOCIETY","875 N RANDOLPH STREET","ARLINGTON","VA",22203,51013,201812,115169946,40169541,125422178,200001,201512,23971035,12,"PC","O","PB","W","OT","PU","PU","W"
2015,541797281,"W30","W30","W",813410,"AIR FORCE AID SOCIETY INC","241 18TH ST S STE 202","ARLINGTON","VA",22202,51013,201812,189049978,61295687,183252774,199608,201512,15606283,12,"PC","O","PB","W","OT","PU","PU","W"
2015,751973894,"B11","B11","B",813219,"FIRST COMMAND EDUCATIONAL FOUNDATION","1 FIRSTCOMM PLZ","FORT WORTH","TX",76109,48439,201812,1554248,1212127,1437047,198407,201512,897275,12,"PC","S","ZA","B","ED","ED","ED","B"
2015,812774207,"P51","P51","P",NA,"SAC FOUNDATION","7148 TOWNE CENTER PKWY","PAPILLION","NE",68046,NA,201812,53438,51996,NA,201608,NA,NA,12,"PC","O","HS","P","HU","HU","HU","P"
2015,824397332,"P20","P20","P",NA,"AMERICAN WARRIOR ASSOCIATION","111 BOLAND ST STE 201","FORT WORTH","TX",76107,NA,201812,194160,3e+05,NA,201812,NA,NA,12,"PC","O","HS","P","HU","HU","HU","P"
2016,202370934,"W30","W30","W",813410,"WOUNDED WARRIOR PROJECT INC","4899 BELFORT RD STE 300","JACKSONVILLE","FL",32256,12031,201809,NA,NA,310997780,200508,201509,398698187,9,"PC","O","PB","W","OT","PU","PU","W"
2016,363274346,"P27","P27","P",624100,"ARMED SERVICES YMCA OF THE USA","14040 CENTRAL LOOP B","WOODBRIDGE","VA",22193,51059,201812,24956171,10841916,23376577,198701,201512,6339163,12,"PC","O","HS","P","HU","HU","HU","P"
2016,530204618,"W30","W30","W",813410,"NAVY-MARINE CORPS RELIEF SOCIETY","875 N RANDOLPH STREET","ARLINGTON","VA",22203,51013,201812,115169946,40169541,125422178,200001,201512,23971035,12,"PC","O","PB","W","OT","PU","PU","W"
2016,541797281,"W30","W30","W",813410,"AIR FORCE AID SOCIETY INC","241 18TH ST S STE 202","ARLINGTON","VA",22202,51013,201812,189049978,61295687,183252774,199608,201512,15606283,12,"PC","O","PB","W","OT","PU","PU","W"
2016,751973894,"B11","B11","B",813219,"FIRST COMMAND EDUCATIONAL FOUNDATION","1 FIRSTCOMM PLZ","FORT WORTH","TX",76109,48439,201812,1554248,1212127,1437047,198407,201512,897275,12,"PC","S","ZA","B","ED","ED","ED","B"
2016,812774207,"P51","P51","P",NA,"SAC FOUNDATION","7148 TOWNE CENTER PKWY","PAPILLION","NE",68046,NA,201812,53438,51996,NA,201608,NA,NA,12,"PC","O","HS","P","HU","HU","HU","P"
2016,824397332,"P20","P20","P",NA,"AMERICAN WARRIOR ASSOCIATION","111 BOLAND ST STE 201","FORT WORTH","TX",76107,NA,201812,194160,3e+05,NA,201812,NA,NA,12,"PC","O","HS","P","HU","HU","HU","P"
2017,202370934,"W30","W30","W",813410,"WOUNDED WARRIOR PROJECT INC","4899 BELFORT RD STE 300","JACKSONVILLE","FL",32256,12031,201809,NA,NA,310997780,200508,201509,398698187,9,"PC","O","PB","W","OT","PU","PU","W"
2017,363274346,"P27","P27","P",624100,"ARMED SERVICES YMCA OF THE USA","14040 CENTRAL LOOP B","WOODBRIDGE","VA",22193,51059,201812,24956171,10841916,23376577,198701,201512,6339163,12,"PC","O","HS","P","HU","HU","HU","P"
2017,530204618,"W30","W30","W",813410,"NAVY-MARINE CORPS RELIEF SOCIETY","875 N RANDOLPH STREET","ARLINGTON","VA",22203,51013,201812,115169946,40169541,125422178,200001,201512,23971035,12,"PC","O","PB","W","OT","PU","PU","W"
2017,541797281,"W30","W30","W",813410,"AIR FORCE AID SOCIETY INC","241 18TH ST S STE 202","ARLINGTON","VA",22202,51013,201812,189049978,61295687,183252774,199608,201512,15606283,12,"PC","O","PB","W","OT","PU","PU","W"
2017,751973894,"B11","B11","B",813219,"FIRST COMMAND EDUCATIONAL FOUNDATION","1 FIRSTCOMM PLZ","FORT WORTH","TX",76109,48439,201812,1554248,1212127,1437047,198407,201512,897275,12,"PC","S","ZA","B","ED","ED","ED","B"
2017,812774207,"P51","P51","P",NA,"SAC FOUNDATION","7148 TOWNE CENTER PKWY","PAPILLION","NE",68046,NA,201812,53438,51996,NA,201608,NA,NA,12,"PC","O","HS","P","HU","HU","HU","P"
2017,824397332,"P20","P20","P",NA,"AMERICAN WARRIOR ASSOCIATION","111 BOLAND ST STE 201","FORT WORTH","TX",76107,NA,201812,194160,3e+05,NA,201812,NA,NA,12,"PC","O","HS","P","HU","HU","HU","P"
2018,202370934,"W30","W30","W",813410,"WOUNDED WARRIOR PROJECT INC","4899 BELFORT RD STE 300","JACKSONVILLE","FL",32256,12031,201809,NA,NA,310997780,200508,201509,398698187,9,"PC","O","PB","W","OT","PU","PU","W"
2018,363274346,"P27","P27","P",624100,"ARMED SERVICES YMCA OF THE USA","14040 CENTRAL LOOP B","WOODBRIDGE","VA",22193,51059,201812,24956171,10841916,23376577,198701,201512,6339163,12,"PC","O","HS","P","HU","HU","HU","P"
2018,530204618,"W30","W30","W",813410,"NAVY-MARINE CORPS RELIEF SOCIETY","875 N RANDOLPH STREET","ARLINGTON","VA",22203,51013,201812,115169946,40169541,125422178,200001,201512,23971035,12,"PC","O","PB","W","OT","PU","PU","W"
2018,541797281,"W30","W30","W",813410,"AIR FORCE AID SOCIETY INC","241 18TH ST S STE 202","ARLINGTON","VA",22202,51013,201812,189049978,61295687,183252774,199608,201512,15606283,12,"PC","O","PB","W","OT","PU","PU","W"
2018,751973894,"B11","B11","B",813219,"FIRST COMMAND EDUCATIONAL FOUNDATION","1 FIRSTCOMM PLZ","FORT WORTH","TX",76109,48439,201812,1554248,1212127,1437047,198407,201512,897275,12,"PC","S","ZA","B","ED","ED","ED","B"
2018,812774207,"P51","P51","P",NA,"SAC FOUNDATION","7148 TOWNE CENTER PKWY","PAPILLION","NE",68046,NA,201812,53438,51996,NA,201608,NA,NA,12,"PC","O","HS","P","HU","HU","HU","P"
2018,824397332,"P20","P20","P",NA,"AMERICAN WARRIOR ASSOCIATION","111 BOLAND ST STE 201","FORT WORTH","TX",76107,NA,201812,194160,3e+05,NA,201812,NA,NA,12,"PC","O","HS","P","HU","HU","HU","P"
2019,202370934,"W30","W30","W",813410,"WOUNDED WARRIOR PROJECT INC","4899 BELFORT RD STE 300","JACKSONVILLE","FL",32256,12031,201809,NA,NA,310997780,200508,201509,398698187,9,"PC","O","PB","W","OT","PU","PU","W"
2019,363274346,"P27","P27","P",624100,"ARMED SERVICES YMCA OF THE USA","14040 CENTRAL LOOP B","WOODBRIDGE","VA",22193,51059,201812,24956171,10841916,23376577,198701,201512,6339163,12,"PC","O","HS","P","HU","HU","HU","P"
2019,530204618,"W30","W30","W",813410,"NAVY-MARINE CORPS RELIEF SOCIETY","875 N RANDOLPH STREET","ARLINGTON","VA",22203,51013,201812,115169946,40169541,125422178,200001,201512,23971035,12,"PC","O","PB","W","OT","PU","PU","W"
2019,541797281,"W30","W30","W",813410,"AIR FORCE AID SOCIETY INC","241 18TH ST S STE 202","ARLINGTON","VA",22202,51013,201812,189049978,61295687,183252774,199608,201512,15606283,12,"PC","O","PB","W","OT","PU","PU","W"
2019,751973894,"B11","B11","B",813219,"FIRST COMMAND EDUCATIONAL FOUNDATION","1 FIRSTCOMM PLZ","FORT WORTH","TX",76109,48439,201812,1554248,1212127,1437047,198407,201512,897275,12,"PC","S","ZA","B","ED","ED","ED","B"
2019,812774207,"P51","P51","P",NA,"SAC FOUNDATION","7148 TOWNE CENTER PKWY","PAPILLION","NE",68046,NA,201812,53438,51996,NA,201608,NA,NA,12,"PC","O","HS","P","HU","HU","HU","P"
2019,824397332,"P20","P20","P",NA,"AMERICAN WARRIOR ASSOCIATION","111 BOLAND ST STE 201","FORT WORTH","TX",76107,NA,201812,194160,3e+05,NA,201812,NA,NA,12,"PC","O","HS","P","HU","HU","HU","P"
2020,202370934,"W30","W30","W",813410,"WOUNDED WARRIOR PROJECT INC","4899 BELFORT RD STE 300","JACKSONVILLE","FL",32256,12031,201809,NA,NA,310997780,200508,201509,398698187,9,"PC","O","PB","W","OT","PU","PU","W"
2020,363274346,"P27","P27","P",624100,"ARMED SERVICES YMCA OF THE USA","14040 CENTRAL LOOP B","WOODBRIDGE","VA",22193,51059,201812,24956171,10841916,23376577,198701,201512,6339163,12,"PC","O","HS","P","HU","HU","HU","P"
2020,530204618,"W30","W30","W",813410,"NAVY-MARINE CORPS RELIEF SOCIETY","875 N RANDOLPH STREET","ARLINGTON","VA",22203,51013,201812,115169946,40169541,125422178,200001,201512,23971035,12,"PC","O","PB","W","OT","PU","PU","W"
2020,541797281,"W30","W30","W",813410,"AIR FORCE AID SOCIETY INC","241 18TH ST S STE 202","ARLINGTON","VA",22202,51013,201812,189049978,61295687,183252774,199608,201512,15606283,12,"PC","O","PB","W","OT","PU","PU","W"
2020,751973894,"B11","B11","B",813219,"FIRST COMMAND EDUCATIONAL FOUNDATION","1 FIRSTCOMM PLZ","FORT WORTH","TX",76109,48439,201812,1554248,1212127,1437047,198407,201512,897275,12,"PC","S","ZA","B","ED","ED","ED","B"
2020,812774207,"P51","P51","P",NA,"SAC FOUNDATION","7148 TOWNE CENTER PKWY","PAPILLION","NE",68046,NA,201812,53438,51996,NA,201608,NA,NA,12,"PC","O","HS","P","HU","HU","HU","P"
2020,824397332,"P20","P20","P",NA,"AMERICAN WARRIOR ASSOCIATION","111 BOLAND ST STE 201","FORT WORTH","TX",76107,NA,201812,194160,3e+05,NA,201812,NA,NA,12,"PC","O","HS","P","HU","HU","HU","P"
2021,202370934,"W30","W30","W",813410,"WOUNDED WARRIOR PROJECT INC","4899 BELFORT RD STE 300","JACKSONVILLE","FL",32256,12031,201809,NA,NA,310997780,200508,201509,398698187,9,"PC","O","PB","W","OT","PU","PU","W"
2021,363274346,"P27","P27","P",624100,"ARMED SERVICES YMCA OF THE USA","14040 CENTRAL LOOP B","WOODBRIDGE","VA",22193,51059,201812,24956171,10841916,23376577,198701,201512,6339163,12,"PC","O","HS","P","HU","HU","HU","P"
2021,530204618,"W30","W30","W",813410,"NAVY-MARINE CORPS RELIEF SOCIETY","875 N RANDOLPH STREET","ARLINGTON","VA",22203,51013,201812,115169946,40169541,125422178,200001,201512,23971035,12,"PC","O","PB","W","OT","PU","PU","W"
2021,541797281,"W30","W30","W",813410,"AIR FORCE AID SOCIETY INC","241 18TH ST S STE 202","ARLINGTON","VA",22202,51013,201812,189049978,61295687,183252774,199608,201512,15606283,12,"PC","O","PB","W","OT","PU","PU","W"
2021,751973894,"B11","B11","B",813219,"FIRST COMMAND EDUCATIONAL FOUNDATION","1 FIRSTCOMM PLZ","FORT WORTH","TX",76109,48439,201812,1554248,1212127,1437047,198407,201512,897275,12,"PC","S","ZA","B","ED","ED","ED","B"
2021,812774207,"P51","P51","P",NA,"SAC FOUNDATION","7148 TOWNE CENTER PKWY","PAPILLION","NE",68046,NA,201812,53438,51996,NA,201608,NA,NA,12,"PC","O","HS","P","HU","HU","HU","P"
2021,824397332,"P20","P20","P",NA,"AMERICAN WARRIOR ASSOCIATION","111 BOLAND ST STE 201","FORT WORTH","TX",76107,NA,201812,194160,3e+05,NA,201812,NA,NA,12,"PC","O","HS","P","HU","HU","HU","P"
2022,202370934,"W30","W30","W",813410,"WOUNDED WARRIOR PROJECT INC","4899 BELFORT RD STE 300","JACKSONVILLE","FL",32256,12031,201809,NA,NA,310997780,200508,201509,398698187,9,"PC","O","PB","W","OT","PU","PU","W"
2022,363274346,"P27","P27","P",624100,"ARMED SERVICES YMCA OF THE USA","14040 CENTRAL LOOP B","WOODBRIDGE","VA",22193,51059,201812,24956171,10841916,23376577,198701,201512,6339163,12,"PC","O","HS","P","HU","HU","HU","P"
2022,530204618,"W30","W30","W",813410,"NAVY-MARINE CORPS RELIEF SOCIETY","875 N RANDOLPH STREET","ARLINGTON","VA",22203,51013,201812,115169946,40169541,125422178,200001,201512,23971035,12,"PC","O","PB","W","OT","PU","PU","W"
2022,541797281,"W30","W30","W",813410,"AIR FORCE AID SOCIETY INC","241 18TH ST S STE 202","ARLINGTON","VA",22202,51013,201812,189049978,61295687,183252774,199608,201512,15606283,12,"PC","O","PB","W","OT","PU","PU","W"
2022,751973894,"B11","B11","B",813219,"FIRST COMMAND EDUCATIONAL FOUNDATION","1 FIRSTCOMM PLZ","FORT WORTH","TX",76109,48439,201812,1554248,1212127,1437047,198407,201512,897275,12,"PC","S","ZA","B","ED","ED","ED","B"
2022,812774207,"P51","P51","P",NA,"SAC FOUNDATION","7148 TOWNE CENTER PKWY","PAPILLION","NE",68046,NA,201812,53438,51996,NA,201608,NA,NA,12,"PC","O","HS","P","HU","HU","HU","P"
2022,824397332,"P20","P20","P",NA,"AMERICAN WARRIOR ASSOCIATION","111 BOLAND ST STE 201","FORT WORTH","TX",76107,NA,201812,194160,3e+05,NA,201812,NA,NA,12,"PC","O","HS","P","HU","HU","HU","P"
